report_id,well_id,report_date,report_time,measured_depth_ft,tvd_ft,hole_size_in,rop_ft_hr,wob_klbs,rpm,torque_ft_lbs,spp_psi,mud_weight_ppg,flow_rate_gpm,pit_volume_bbl,gas_units,activity_code,activity_description,formation,npt_hours,npt_category,remarks,pv_cp,yp_lb_100sqft,gel_10s,gel_10min,fluid_loss_cc_30min,mud_chlorides_ppm,ph,mbt,solids_pct,inclination_deg,azimuth_deg,dogleg_severity_deg_100ft,slide_footage_ft,rotate_footage_ft,motor_yield_deg,toolface,bha_number,bit_type,bit_manufacturer,bit_model,nozzle_sizes,motor_od_in,motor_bend_deg,mwd_type,annular_pressure_loss_psi,apl_source
DDR-001,PERM-2847,2025-02-15,06:00,8200,7850,12.25,62,28,120,12500,3200,10.2,850,1250,15,DRILL,Drilling ahead,Wolfcamp A,0,,"Drlg 8136-8200' WCA. ROP 62 fph avg. Bit running smooth. SPP 3200, torque steady ~12k.",14,18,6,12,4.2,45000,10.5,22,12.5,88.5,275,2.1,0,80,1.15,GTF,3,PDC,NOV,TK56,12-12-12-13-13,9.625,1.15,Schlumberger PowerDrive,350.2,calculated
DDR-002,PERM-2847,2025-02-15,08:00,8280,7920,12.25,58,30,115,13200,3350,10.2,860,1248,18,DRILL,Drilling ahead,Wolfcamp A,0,,Drilling ahead thru Wolfcamp A @ 8280'. Making 58fph w/ 30k WOB. Gas 18 units bgd. Inc 88.5 az 275.0.,14,18,6,12,4.2,45000,10.5,22,12.5,88.5,275,2.1,0,80,1.15,GTF,3,PDC,NOV,TK56,12-12-12-13-13,9.625,1.15,Schlumberger PowerDrive,354.2,calculated
DDR-003,PERM-2847,2025-02-15,10:00,8350,7985,12.25,45,32,110,15800,3500,10.4,870,1245,25,DRILL,Drilling ahead - slow,Wolfcamp A,0,,"Cont drlg WCA. 45fph, 32k WOB, 3500 SPP. Hole cleaning good - returns clean. MW 10.4ppg.",14,18,6,12,4.2,45000,10.5,22,12.5,88.5,275,4.2,25,55,1.15,GTF,3,PDC,NOV,TK56,12-12-12-13-13,9.625,1.15,Schlumberger PowerDrive,358.2,calculated
DDR-004,PERM-2847,2025-02-15,12:00,8380,8010,12.25,38,35,105,18200,3650,10.4,880,1240,35,DRILL,Drilling ahead - tight,Wolfcamp A,0,,"Drlg 8311 to 8380 in Wolf A. Good hole. 38fph rotating. Torque 18k, no drag noted.",14,18,6,12,4.2,45000,10.5,22,12.5,88.5,275,4.2,25,55,1.15,GTF,3,PDC,NOV,TK56,12-12-12-13-13,9.625,1.15,Schlumberger PowerDrive,362.2,calculated
DDR-005,PERM-2847,2025-02-15,14:00,8380,8010,12.25,0,0,0,0,0,10.4,0,1240,12,CIRC,Circulating - conditioning mud,Wolfcamp A,0,,Circ & condition hole @ 8380'. Btms up in 65min. No fill. MW 10.4ppg. Gels 6/12.,14,18,6,12,4.2,45000,10.5,22,12.5,0,0,0,0,0,0,,3,PDC,NOV,TK56,12-12-12-13-13,9.625,1.15,Schlumberger PowerDrive,0.0,N/A
DDR-006,PERM-2847,2025-02-15,16:00,8400,8025,12.25,42,30,115,14500,3400,10.5,860,1252,20,DRILL,Drilling ahead,Wolfcamp A,0,,Drlg ahead in WC A @ 8400ft. ROP 42fph. Slide 0ft rotate 80ft this stand. TF GTF.,14,18,6,12,4.2,45000,10.5,22,12.5,88.5,275,2.1,0,80,1.15,GTF,3,PDC,NOV,TK56,12-12-12-13-13,9.625,1.15,Schlumberger PowerDrive,354.2,calculated
DDR-007,PERM-2847,2025-02-15,18:00,8450,8070,12.25,48,28,120,13800,3300,10.5,855,1255,22,DRILL,Drilling ahead,Wolfcamp A,0,,"Making hole 8372-8450. Wolf A fm. 48fph, WOB 28k, RPM 120. PV 14 YP 18. Good progress.",14,18,6,12,4.2,45000,10.5,22,12.5,88.5,275,2.1,0,80,1.15,GTF,3,PDC,NOV,TK56,12-12-12-13-13,9.625,1.15,Schlumberger PowerDrive,352.2,calculated
DDR-008,PERM-2847,2025-02-15,20:00,8450,8070,12.25,0,0,0,0,0,10.5,0,1255,8,NPT,Waiting on weather - lightning,Wolfcamp A,2,weather,WOW - winds gusting 54mph. Crane ops suspended. Secured rig floor. 2.0hrs NPT.,14,18,6,12,4.2,45000,10.5,22,12.5,0,0,0,0,0,0,,3,PDC,NOV,TK56,12-12-12-13-13,9.625,1.15,Schlumberger PowerDrive,0.0,N/A
DDR-009,PERM-2847,2025-02-15,22:00,8490,8105,12.25,52,27,122,13000,3250,10.5,850,1258,18,DRILL,Drilling ahead,Wolfcamp A,0,,"Drlg WCA 8429-8490'. Hit softer streak ~8443, ROP jumped to 65fph briefly. Avg 52fph for stand.",14,18,6,12,4.2,45000,10.5,22,12.5,88.5,275,2.1,0,80,1.15,GTF,3,PDC,NOV,TK56,12-12-12-13-13,9.625,1.15,Schlumberger PowerDrive,350.2,calculated
DDR-010,PERM-2847,2025-02-16,00:00,8540,8150,12.25,55,26,125,12800,3200,10.5,845,1260,16,DRILL,Drilling ahead,Wolfcamp A,0,,Cont drilling WCA. Depth 8540'. 55fph. Torque trending up slightly - 12k ft-lbs. Monitoring. WOB 26k.,14,18,6,12,4.2,45000,10.5,22,12.5,88.5,275,2.1,0,80,1.15,GTF,3,PDC,NOV,TK56,12-12-12-13-13,9.625,1.15,Schlumberger PowerDrive,348.2,calculated
DDR-011,PERM-2847,2025-02-16,02:00,8590,8195,12.25,50,28,120,13500,3280,10.6,855,1262,20,DRILL,Drilling ahead,Wolfcamp B,0,,"Drlg ahead 8590' in Wolf B. Hard streak ~8576', backed off WOB to 25k. ROP dropped to 35fph for ~34ft then picked back up.",14,18,6,12,4.2,45000,10.5,22,12.5,88.5,275,2.1,0,80,1.15,GTF,3,PDC,NOV,TK56,12-12-12-13-13,9.625,1.15,Schlumberger PowerDrive,352.2,calculated
DDR-012,PERM-2847,2025-02-16,04:00,8630,8230,12.25,47,29,118,14200,3350,10.6,860,1260,22,DRILL,Drilling ahead,Wolfcamp B,0,,Drilling 8581-8630 WC B. Steady params - 29k WOB 118rpm. Gas bgd 22 units. MW 10.6. No connection gas.,14,18,6,12,4.2,45000,10.5,22,12.5,88.5,275,2.1,0,80,1.15,GTF,3,PDC,NOV,TK56,12-12-12-13-13,9.625,1.15,Schlumberger PowerDrive,354.2,calculated
DDR-013,PERM-3201,2025-02-15,06:00,12100,11200,8.75,35,22,140,9800,4200,12.8,650,980,45,DRILL,Drilling ahead,Wolfcamp,0,,Drlg Wolf. Made 91ft this tour. Avg ROP 35fph. Bit looks good per MWD. SPP 4200.,22,24,8,16,3.8,62000,10.2,28,14.8,85.2,190,3.5,30,50,1.50,MTF,4,PDC,Baker Hughes,Kymera XTreme,11-11-11-12-12,6.75,1.50,Halliburton iCruise,535.4,calculated
DDR-014,PERM-3201,2025-02-15,10:00,12180,11270,8.75,32,24,135,10500,4350,12.8,660,978,52,DRILL,Drilling ahead,Wolfcamp,0,,Cont drlg in WC @ 12180'. 32fph. Slight torque increase last 2 stands - up to 10k. Working pipe freely on connections.,22,24,8,16,3.8,62000,10.2,28,14.8,85.2,190,3.5,30,50,1.50,MTF,4,PDC,Baker Hughes,Kymera XTreme,11-11-11-12-12,6.75,1.50,Halliburton iCruise,540.4,calculated
DDR-015,PERM-3201,2025-02-15,14:00,12180,11270,8.75,0,0,0,0,0,12.8,0,975,85,NPT,Flow check - gas cut mud,Wolfcamp,2,wellbore,"Flow check - gas cut mud. Shut in, monitored. MW 12.8ppg. No flow after 29min. Weighted up 0.2ppg.",20,22,8,16,4.5,62000,10.2,28,14.8,0,0,0,0,0,0,,4,PDC,Baker Hughes,Kymera XTreme,11-11-11-12-12,6.75,1.50,Halliburton iCruise,0.0,N/A
DDR-016,PERM-3201,2025-02-15,18:00,12220,11305,8.75,28,20,130,11200,4500,13.0,670,985,40,DRILL,Drilling ahead - weighted up,Wolfcamp,0,,Drlg ahead 12125-12220' WC. Good drlg. 28fph avg. MW 13.0ppg. Circ clean on connections. No fill on btm.,22,24,8,16,3.8,62000,10.2,28,14.8,85.2,190,3.5,40,40,1.50,MTF,4,PDC,Baker Hughes,Kymera XTreme,11-11-11-12-12,6.75,1.50,Halliburton iCruise,545.4,calculated
DDR-017,PERM-3201,2025-02-15,22:00,12280,11360,8.75,30,21,132,10800,4400,13.0,665,988,38,DRILL,Drilling ahead,Wolfcamp,0,,"Making hole in Wolf. 12280' MD. ROP 30fph, WOB 21k, RPM 132. Tight hole noted ~12251' - reamed thru ok.",22,24,8,16,3.8,62000,10.2,28,14.8,85.2,190,3.5,30,50,1.50,MTF,4,PDC,Baker Hughes,Kymera XTreme,11-11-11-12-12,6.75,1.50,Halliburton iCruise,542.9,calculated
DDR-018,EF-1105,2025-02-15,06:00,9600,8720,12.25,72,25,135,11000,2800,9.7,820,1180,10,DRILL,Drilling ahead,Eagle Ford Shale,0,,Drlg EF Shale lateral. 72fph. Inc 90.0 az 45.0. DLS ok. Slide ratio 0/100. TF GTF.,11,14,5,10,5.0,32000,10.8,18,10.2,90.0,045,1.8,0,100,1.00,GTF,2,PDC,Schlumberger,Smith Stinger,12-12-13-13-13,9.625,1.00,Schlumberger TeleScope,322.8,calculated
DDR-019,EF-1105,2025-02-15,12:00,9750,8840,12.25,68,26,130,11500,2900,9.7,825,1178,12,DRILL,Drilling ahead,Eagle Ford Shale,0,,Drilling 9667 to 9750ft Eagle Ford. Gas show 12 units @ 9733'. Trip gas only - no connection gas. Cont drlg.,11,14,5,10,5.0,32000,10.8,18,10.2,90.0,045,1.8,0,100,1.00,GTF,2,PDC,Schlumberger,Smith Stinger,12-12-13-13-13,9.625,1.00,Schlumberger TeleScope,324.8,calculated
DDR-020,EF-1105,2025-02-15,18:00,9900,8980,12.25,65,27,128,12000,2950,9.9,830,1175,14,DRILL,Drilling ahead,Austin Chalk,0,,Drlg ahead Austin Chk @ 9900'. 65fph. Torque 12k steady. Good cuttings returns - grey shale w/ some calc stringers.,11,14,5,10,5.0,32000,10.8,18,10.2,90.0,045,1.8,0,100,1.00,GTF,2,PDC,Schlumberger,Smith Stinger,12-12-13-13-13,9.625,1.00,Schlumberger TeleScope,326.8,calculated
DDR-021,BAK-0892,2025-02-15,06:00,10500,9800,8.5,25,18,90,8500,3800,11.5,580,850,30,DRILL,Drilling ahead,Three Forks,0,,Cont drlg 10434-10500 in Three Forks. 25fph. Pumps running 3800 psi. Flow rate good. No losses.,18,20,7,14,4.5,55000,10.3,25,13.0,91.5,310,1.2,0,60,1.25,GTF,3,PDC,NOV,ReedHycalog,10-10-11-11-11,6.75,1.25,NOV Tolteq,479.6,calculated
DDR-022,BAK-0892,2025-02-15,12:00,10500,9800,8.5,0,0,0,0,0,11.5,0,850,15,TRIP,Tripping out - bit change,Three Forks,4,equipment,POOH - bit worn. Pulled to surface. Bit #3 graded 3-5-BT-G. Cones ok. 5hrs trip time.,18,20,7,14,4.5,55000,10.3,25,13.0,0,0,0,0,0,0,,2,PDC,NOV,ReedHycalog (POOH worn),10-10-11-11-11,6.75,1.25,NOV Tolteq,0.0,N/A
DDR-023,BAK-0892,2025-02-15,18:00,10500,9800,8.5,0,0,0,0,0,11.5,0,852,12,TRIP,Tripping in with new bit,Three Forks,0,,"RIH new 8.5"" PDC bit. Tripped to 10500' in 3hrs. No tight spots. On btm, circ btms up.",18,20,7,14,4.5,55000,10.3,25,13.0,0,0,0,0,0,0,,3,PDC,NOV,ReedHycalog,10-10-11-11-11,6.75,1.25,NOV Tolteq,0.0,N/A
DDR-024,BAK-0892,2025-02-15,22:00,10560,9800,8.5,30,20,95,9200,3900,11.5,590,855,28,DRILL,Drilling ahead - new bit,Three Forks,0,,Drlg 3 Forks. 10560' MD 9800' TVD. 30fph. WOB 20k. Bit hrs 60. Running good.,18,20,7,14,4.5,55000,10.3,25,13.0,91.5,310,1.2,0,60,1.25,GTF,3,PDC,NOV,ReedHycalog,10-10-11-11-11,6.75,1.25,NOV Tolteq,484.6,calculated
DDR-025,PERM-4102,2025-02-16,06:00,7754,7366,12.25,35,24,130,13481,3101,10.1,879,1154,13,DRILL,Drilling ahead - slight torque increase,Wolfcamp A,0,,Drilling ahead in Wolf A. Made 88' this rpt. 35fph avg. MW 10.1 ppg. Torque 13k ft-lbs. SPP 3101.,14,18,6,12,4.2,46000,10.5,22,12.5,87.2,283,3.0,8,72,9.625,GTF,3,PDC,NOV,TK58,12-12-12-13-13,9.625,1.15,Schlumberger PowerDrive,392.7,calculated
DDR-026,PERM-4102,2025-02-16,10:00,7828,7432,12.25,37,21,128,14841,3150,10.5,845,1172,26,DRILL,Drilling ahead - steady,Wolfcamp A,0,,Drlg Wolf A 7828'. ROP 37fph. Cuttings look good - Wolf A characteristic. Gas bgd 26u. No issues to report.,14,18,6,12,4.2,46000,10.5,22,12.5,88.3,283,1.9,27,53,9.625,GTF,3,PDC,NOV,TK58,12-12-12-13-13,9.625,1.15,Schlumberger PowerDrive,371.8,calculated
DDR-027,PERM-4102,2025-02-16,14:00,7932,7526,12.25,52,32,127,13003,3071,10.6,861,1170,20,DRILL,Drilling ahead - good progress,Wolfcamp A,0,,Cont drlg Wolf A. 7875-7932'. Rotary drlg 52fph. WOB 32k RPM 127. Hole in gauge per caliper.,14,18,6,12,4.2,46000,10.5,22,12.5,88.2,277,1.9,19,61,9.625,MTF,3,PDC,NOV,TK58,12-12-12-13-13,9.625,1.15,Schlumberger PowerDrive,357.4,calculated
DDR-028,PERM-4102,2025-02-16,18:00,8032,7616,12.25,50,27,115,13105,3282,10.2,851,1273,15,DRILL,Drilling ahead - good progress,Wolfcamp A,0,,Drlg ahead Wolf A. Depth 8032'. Avg 50fph. Slight drag on connections ~20k over string wt. Working thru.,14,18,6,12,4.2,46000,10.5,22,12.5,89.1,281,2.0,17,63,9.625,GTF,3,PDC,NOV,TK58,12-12-12-13-13,9.625,1.15,Schlumberger PowerDrive,338.4,calculated
DDR-029,PERM-4102,2025-02-17,06:00,8032,7616,12.25,0,0,0,0,0,10.5,0,1181,16,NPT,Waiting on weather - high winds,Wolfcamp A,5,weather,WOW high winds. Gusts to 60mph. Shut down crane & pipe handling. 5.0hrs down.,14,18,6,12,4.2,46000,10.5,22,12.5,0,0,0,0,0,9.625,,3,PDC,NOV,TK58,12-12-12-13-13,9.625,1.15,Schlumberger PowerDrive,0.0,N/A
DDR-030,PERM-4102,2025-02-17,10:00,8032,7616,12.25,0,0,0,0,0,10.2,0,1224,-1,CIRC,Circulating - conditioning mud,Wolfcamp A,0,,"Circulating btms up. Cleaning hole prior to trip. Returns clean, no cavings. MW 10.2ppg.",14,18,6,12,4.2,46000,10.5,22,12.5,0,0,0,0,0,9.625,,3,PDC,NOV,TK58,12-12-12-13-13,9.625,1.15,Schlumberger PowerDrive,0.0,N/A
DDR-031,PERM-4102,2025-02-17,14:00,8032,7616,12.25,0,0,0,0,0,10.7,0,1139,4,CASE,Running casing,Wolfcamp A,0,,Running 9 5/8 csg. 47# N-80 LTC. Landed @ 8032'. Circ & reciprocate. Cement crew standing by.,14,18,6,12,4.2,46000,10.5,22,12.5,0,0,0,0,0,9.625,,3,PDC,NOV,TK58,12-12-12-13-13,9.625,1.15,Schlumberger PowerDrive,0.0,N/A
DDR-032,PERM-4102,2025-02-17,18:00,8032,7616,12.25,0,0,0,0,0,10.2,0,1150,14,LOG,Logging - gamma ray,Wolfcamp A,0,,Wireline logging @ 8032'. GR/Resistivity/Neutron-Density. Good data. Log to TD. Rigging down.,14,18,6,12,4.2,46000,10.5,22,12.5,0,0,0,0,0,9.625,,3,PDC,NOV,TK58,12-12-12-13-13,9.625,1.15,Schlumberger PowerDrive,0.0,N/A
DDR-033,PERM-4102,2025-02-18,06:00,8142,7715,12.25,55,32,121,11188,3166,10.3,839,1247,3,DRILL,Drilling ahead - good progress,Wolfcamp A,0,,Making hole WCA @ 8142ft. 55fph. MW 10.3ppg. PV/YP 14/18. Solids 12.5%. Mud in spec.,14,18,6,12,4.2,46000,10.5,22,12.5,88.9,281,2.1,22,58,9.625,GTF,3,PDC,NOV,TK58,12-12-12-13-13,9.625,1.15,Schlumberger PowerDrive,376.1,calculated
DDR-034,PERM-4102,2025-02-18,10:00,8258,7819,12.25,58,29,128,14642,3138,10.3,837,1098,20,DRILL,Drilling ahead - slight torque increase,Wolfcamp A,0,,"Drlg ahead 8183-8258 in WC A. Avg 58fph, WOB 29k, 128rpm. Torque running 14k ft-lbs. MW 10.3 ppg. No issues.",14,18,6,12,4.2,46000,10.5,22,12.5,87.6,280,1.7,0,80,9.625,GTF,3,PDC,NOV,TK58,12-12-12-13-13,9.625,1.15,Schlumberger PowerDrive,302.5,calculated
DDR-035,PERM-4102,2025-02-18,14:00,8352,7904,12.25,47,28,113,10658,3204,10.1,812,1216,22,DRILL,Drilling ahead,Wolfcamp A,0,,"Drlg 8266-8352' WC A. ROP 47 fph avg. Bit running smooth. SPP 3204, torque steady ~10k.",14,18,6,12,4.2,46000,10.5,22,12.5,89.7,276,1.1,24,56,9.625,GTF,3,PDC,NOV,TK58,12-12-12-13-13,9.625,1.15,Schlumberger PowerDrive,336.1,calculated
DDR-036,PERM-4102,2025-02-18,18:00,8474,8014,12.25,61,25,134,12349,3613,10.6,817,1203,17,DRILL,Drilling ahead - good progress,Wolfcamp A,0,,Drilling ahead thru Wolf A @ 8474'. Making 61fph w/ 25k WOB. Gas 17 units bgd. Inc 88.9 az 275.0.,14,18,6,12,4.2,46000,10.5,22,12.5,88.9,275,2.4,2,78,9.625,MTF,3,PDC,NOV,TK58,12-12-12-13-13,9.625,1.15,Schlumberger PowerDrive,418.4,calculated
DDR-037,PERM-4102,2025-02-19,06:00,8474,8014,12.25,0,0,0,0,0,10.4,0,1291,13,TRIP,Tripping for survey/bit check,Wolfcamp A,0,,Running in hole w/ BHA #3. New NOV TK58 bit. To btm in 6hrs. Ready to drill.,14,18,6,12,4.2,46000,10.5,22,12.5,0,0,0,0,0,9.625,,3,PDC,NOV,TK58,12-12-12-13-13,9.625,1.15,Schlumberger PowerDrive,0.0,N/A
DDR-038,PERM-4102,2025-02-19,10:00,8600,8136,12.25,68,25,128,15326,3196,10.4,852,1148,2,DRILL,Drilling ahead - slight torque increase,Wolfcamp A,0,,"Cont drlg Wolf A. 68fph, 25k WOB, 3196 SPP. Hole cleaning good - returns clean. MW 10.4ppg.",14,18,6,12,4.2,46000,10.5,22,12.5,88.2,279,2.8,37,43,9.625,GTF,3,PDC,NOV,TK58,12-12-12-13-13,9.625,1.15,Schlumberger PowerDrive,368.6,calculated
DDR-039,PERM-4102,2025-02-24,06:00,8662,8213,12.25,0,0,0,0,0,10.8,0,1260,4,CIRC,Circulating - conditioning mud,Wolfcamp B,0,,Circ to condition mud. Adjusted rheology - PV 14 YP 18 gels 6/12. MW 10.8. Good returns.,14,18,6,12,4.2,46000,10.5,22,12.5,0,0,0,0,0,9.625,,3,PDC,NOV,TK58,12-12-12-13-13,9.625,1.15,Schlumberger PowerDrive,0.0,N/A
DDR-040,PERM-4102,2025-02-24,10:00,8764,8284,12.25,51,30,114,12974,3484,11.0,843,1186,11,DRILL,Drilling ahead - ROP improving,Wolfcamp B,0,,"Drlg 8674 to 8764 in WC B. Good hole. 51fph rotating. Torque 12k, no drag noted.",14,18,6,12,4.2,46000,10.5,22,12.5,88.7,283,1.9,6,74,9.625,GTF,3,PDC,NOV,TK58,12-12-12-13-13,9.625,1.15,Schlumberger PowerDrive,343.1,calculated
DDR-041,PERM-4102,2025-02-24,14:00,8856,8348,12.25,46,36,117,13942,3483,10.7,850,1257,13,DRILL,Drilling ahead - good progress,Wolfcamp B,0,,Drlg ahead in Wolf B @ 8856ft. ROP 46fph. Slide 34ft rotate 46ft this stand. TF GTF.,14,18,6,12,4.2,46000,10.5,22,12.5,87.8,281,2.1,34,46,9.625,GTF,3,PDC,NOV,TK58,12-12-12-13-13,9.625,1.15,Schlumberger PowerDrive,355.0,calculated
DDR-042,PERM-4102,2025-02-24,18:00,8936,8404,12.25,40,31,114,14175,3229,10.6,862,1172,12,DRILL,Drilling ahead - good progress,Wolfcamp B,0,,"Making hole 8895-8936. WCB fm. 40fph, WOB 31k, RPM 114. PV 14 YP 18. Good progress.",14,18,6,12,4.2,46000,10.5,22,12.5,87.7,278,1.7,32,48,9.625,GTF,3,PDC,NOV,TK58,12-12-12-13-13,9.625,1.15,Schlumberger PowerDrive,340.8,calculated
DDR-043,PERM-4102,2025-02-25,06:00,9032,8472,12.25,48,27,113,13360,3399,10.6,870,1160,-2,DRILL,Drilling ahead - slight torque increase,Wolfcamp B,0,,"Drlg Wolfcamp B 8985-9032'. Hit softer streak ~9010, ROP jumped to 59fph briefly. Avg 48fph for stand.",14,18,6,12,4.2,46000,10.5,22,12.5,88.6,281,1.4,7,73,9.625,GTF,3,PDC,NOV,TK58,12-12-12-13-13,9.625,1.15,Schlumberger PowerDrive,338.6,calculated
DDR-044,PERM-4102,2025-02-25,10:00,9032,8472,12.25,0,0,0,0,0,10.7,0,1233,7,NPT,Pump repair - mud pump #2,Wolfcamp B,2,equipment,MWD failure @ 9032'. POOH to replace tool. 2.0hrs NPT. RIH w/ new MWD - surveys good.,14,18,6,12,4.2,46000,10.5,22,12.5,0,0,0,0,0,9.625,,3,PDC,NOV,TK58,12-12-12-13-13,9.625,1.15,Schlumberger PowerDrive,0.0,N/A
DDR-045,PERM-4102,2025-02-25,14:00,9134,8543,12.25,51,30,110,17977,3238,10.7,835,1134,22,DRILL,Drilling ahead - steady,Wolfcamp B,0,,Cont drilling Wolf B. Depth 9134'. 51fph. Torque trending up slightly - 17k ft-lbs. Monitoring. WOB 30k.,14,18,6,12,4.2,46000,10.5,22,12.5,88.6,280,2.1,14,66,9.625,MTF,3,PDC,NOV,TK58,12-12-12-13-13,9.625,1.15,Schlumberger PowerDrive,383.4,calculated
DDR-046,PERM-4102,2025-02-25,18:00,9232,8612,12.25,49,33,97,15475,3458,10.3,841,1265,16,DRILL,Drilling ahead - slight torque increase,Wolfcamp B,0,,"Drlg ahead 9232' in WC B. Hard streak ~9222', backed off WOB to 30k. ROP dropped to 34fph for ~21ft then picked back up.",14,18,6,12,4.2,46000,10.5,22,12.5,88.3,277,1.8,31,49,9.625,GTF,3,PDC,NOV,TK58,12-12-12-13-13,9.625,1.15,Schlumberger PowerDrive,408.1,calculated
DDR-047,PERM-4102,2025-02-26,06:00,9338,8686,12.25,53,29,118,16639,3451,10.7,870,1204,18,DRILL,Drilling ahead - steady,Wolfcamp B,0,,Drilling 9242-9338 WC B. Steady params - 29k WOB 118rpm. Gas bgd 18 units. MW 10.7. No connection gas.,14,18,6,12,4.2,46000,10.5,22,12.5,88.5,280,1.6,12,68,9.625,GTF,3,PDC,NOV,TK58,12-12-12-13-13,9.625,1.15,Schlumberger PowerDrive,362.3,calculated
DDR-048,PERM-4102,2025-02-26,10:00,9446,8761,12.25,54,31,110,15304,3471,10.8,869,1248,17,DRILL,Drilling ahead - ROP improving,Wolfcamp B,0,,Drlg WCB. Made 99ft this tour. Avg ROP 54fph. Bit looks good per MWD. SPP 3471.,14,18,6,12,4.2,46000,10.5,22,12.5,88.8,281,2.3,32,48,9.625,GTF,3,PDC,NOV,TK58,12-12-12-13-13,9.625,1.15,Schlumberger PowerDrive,318.7,calculated
DDR-049,PERM-4102,2025-02-26,14:00,9522,8815,12.25,38,32,125,12936,3373,10.9,857,1129,23,DRILL,Drilling ahead - steady,Wolfcamp B,0,,Cont drlg in WCB @ 9522'. 38fph. Slight torque increase last 2 stands - up to 12k. Working pipe freely on connections.,14,18,6,12,4.2,46000,10.5,22,12.5,88.6,284,2.6,1,79,9.625,MTF,3,PDC,NOV,TK58,12-12-12-13-13,9.625,1.15,Schlumberger PowerDrive,319.3,calculated
DDR-050,PERM-4102,2025-02-26,18:00,9600,8885,12.25,50,26,109,13845,3403,10.6,850,1183,12,DRILL,Drilling ahead - steady,Wolfcamp B,0,,Drlg ahead 9515-9600' Wolf B. Good drlg. 50fph avg. MW 10.6ppg. Circ clean on connections. No fill on btm.,14,18,6,12,4.2,46000,10.5,22,12.5,88.9,277,1.3,13,67,9.625,GTF,3,PDC,NOV,TK58,12-12-12-13-13,9.625,1.15,Schlumberger PowerDrive,401.8,calculated
DDR-051,PERM-4102,2025-02-27,06:00,9600,8900,12.25,56,29,91,14091,3297,10.4,839,1128,14,DRILL,Drilling ahead - good progress,Wolfcamp B,0,,"Making hole in Wolf B. 9600' MD. ROP 56fph, WOB 29k, RPM 91. Tight hole noted ~9560' - reamed thru ok.",14,18,6,12,4.2,46000,10.5,22,12.5,88.2,281,1.7,25,55,9.625,MTF,3,PDC,NOV,TK58,12-12-12-13-13,9.625,1.15,Schlumberger PowerDrive,388.5,calculated
DDR-052,PERM-4102,2025-02-27,10:00,9600,8900,12.25,0,0,0,0,0,10.8,0,1158,9,NPT,BOP test,Wolfcamp B,5,equipment,"Top drive motor overheating. Shut down, flushed cooling system, replaced filter. 5.0hrs repair time.",14,18,6,12,4.2,46000,10.5,22,12.5,0,0,0,0,0,9.625,,3,PDC,NOV,TK58,12-12-12-13-13,9.625,1.15,Schlumberger PowerDrive,0.0,N/A
DDR-053,PERM-4102,2025-02-27,14:00,9600,8900,12.25,0,0,0,0,0,11.0,0,1176,9,NPT,Rig repair - top drive,Wolfcamp B,1,equipment,BOP pressure test per regs. Function tested all rams & annular. Good test to 3127psi. 1.0hrs.,14,18,6,12,4.2,46000,10.5,22,12.5,0,0,0,0,0,9.625,,3,PDC,NOV,TK58,12-12-12-13-13,9.625,1.15,Schlumberger PowerDrive,0.0,N/A
DDR-054,PERM-4102,2025-02-27,18:00,9600,8900,12.25,49,29,106,14083,3682,11.0,875,1259,4,DRILL,Drilling ahead - good progress,Wolfcamp B,0,,Drlg Wolf B lateral. 49fph. Inc 88.5 az 277.0. DLS ok. Slide ratio 37/43. TF GTF.,14,18,6,12,4.2,46000,10.5,22,12.5,88.5,277,2.0,37,43,9.625,GTF,3,PDC,NOV,TK58,12-12-12-13-13,9.625,1.15,Schlumberger PowerDrive,341.3,calculated
DDR-055,PERM-4102,2025-02-28,06:00,9600,8900,12.25,0,0,0,0,0,10.7,0,1136,1,CASE,Running casing,Wolfcamp B,0,,RIH csg - 9-5/8 53.5# L-80. Running BTC connections. 125 jts to 9600'. Centralizers per program.,14,18,6,12,4.2,46000,10.5,22,12.5,0,0,0,0,0,9.625,,3,PDC,NOV,TK58,12-12-12-13-13,9.625,1.15,Schlumberger PowerDrive,0.0,N/A
DDR-056,PERM-4102,2025-02-28,10:00,9600,8900,12.25,42,27,116,14618,3254,10.9,897,1175,27,DRILL,Drilling ahead - slight torque increase,Wolfcamp B,0,,Drilling 9551 to 9600ft Wolf B. Gas show 27 units @ 9585'. Trip gas only - no connection gas. Cont drlg.,14,18,6,12,4.2,46000,10.5,22,12.5,88.1,282,2.2,15,65,9.625,MTF,3,PDC,NOV,TK58,12-12-12-13-13,9.625,1.15,Schlumberger PowerDrive,335.9,calculated
DDR-057,PERM-4102,2025-02-28,14:00,9600,8900,12.25,45,29,119,14329,3532,10.3,856,1159,24,DRILL,Drilling ahead - good progress,Wolfcamp B,0,,Drlg ahead Wolf B @ 9600'. 45fph. Torque 14k steady. Good cuttings returns - grey shale w/ some calc stringers.,14,18,6,12,4.2,46000,10.5,22,12.5,89.3,283,3.1,1,79,9.625,GTF,3,PDC,NOV,TK58,12-12-12-13-13,9.625,1.15,Schlumberger PowerDrive,388.6,calculated
DDR-058,PERM-4305,2025-02-16,06:00,9656,8874,8.75,45,16,131,8308,4076,11.4,635,933,43,DRILL,Drilling ahead - good progress,Wolfcamp A,0,,Cont drlg 9568-9656 in Wolfcamp A. 45fph. Pumps running 4076 psi. Flow rate good. No losses.,22,24,8,16,3.8,63000,10.2,28,14.8,85.5,193,3.2,27,53,6.75,GTF,4,PDC,Baker Hughes,Kymera XTreme,11-11-11-12-12,6.75,1.50,Halliburton iCruise,420.0,calculated
DDR-059,PERM-4305,2025-02-16,10:00,9656,8874,8.75,0,0,0,0,0,11.2,0,987,20,NPT,Waiting on equipment - MWD failure,Wolfcamp A,4,equipment,Pump #3 - cracked piston rod. Swapped out. 4.0hrs NPT. Pump test good after repair.,22,24,8,16,3.8,63000,10.2,28,14.8,0,0,0,0,0,6.75,,4,PDC,Baker Hughes,Kymera XTreme,11-11-11-12-12,6.75,1.50,Halliburton iCruise,0.0,N/A
DDR-060,PERM-4305,2025-02-16,14:00,9714,8915,8.75,29,19,133,10742,4212,11.3,696,983,56,DRILL,Drilling ahead - slight torque increase,Wolfcamp A,0,,Drlg WC A. 9714' MD 8915' TVD. 29fph. WOB 19k. Bit hrs 59. Running good.,22,24,8,16,3.8,63000,10.2,28,14.8,86.0,193,3.1,37,43,6.75,GTF,4,PDC,Baker Hughes,Kymera XTreme,11-11-11-12-12,6.75,1.50,Halliburton iCruise,349.4,calculated
DDR-061,PERM-4305,2025-02-16,18:00,9794,8972,8.75,40,26,129,12147,4199,10.8,644,957,31,DRILL,Drilling ahead - ROP improving,Wolfcamp A,0,,Drilling ahead in Wolf A. Made 68' this rpt. 40fph avg. MW 10.8 ppg. Torque 12k ft-lbs. SPP 4199.,22,24,8,16,3.8,63000,10.2,28,14.8,85.5,201,3.6,19,61,6.75,GTF,4,PDC,Baker Hughes,Kymera XTreme,11-11-11-12-12,6.75,1.50,Halliburton iCruise,378.1,calculated
DDR-062,PERM-4305,2025-02-17,06:00,9906,9052,8.75,56,19,130,10484,4252,11.0,642,937,36,DRILL,Drilling ahead - steady,Wolfcamp A,0,,Drlg WC A 9906'. ROP 56fph. Cuttings look good - WC A characteristic. Gas bgd 36u. No issues to report.,22,24,8,16,3.8,63000,10.2,28,14.8,85.1,197,3.2,32,48,6.75,GTF,4,PDC,Baker Hughes,Kymera XTreme,11-11-11-12-12,6.75,1.50,Halliburton iCruise,322.7,calculated
DDR-063,PERM-4305,2025-02-17,10:00,9906,9052,8.75,0,0,0,0,0,11.4,0,968,17,CIRC,Circulating - conditioning mud,Wolfcamp A,0,,Circ btms up in WC A @ 9906'. 3 btms up. Hole clean. Ready for next op.,22,24,8,16,3.8,63000,10.2,28,14.8,0,0,0,0,0,6.75,,4,PDC,Baker Hughes,Kymera XTreme,11-11-11-12-12,6.75,1.50,Halliburton iCruise,0.0,N/A
DDR-064,PERM-4305,2025-02-17,14:00,9992,9114,8.75,43,25,139,10485,4207,11.2,677,941,52,DRILL,Drilling ahead - steady,Wolfcamp A,0,,Cont drlg Wolf A. 9948-9992'. Rotary drlg 43fph. WOB 25k RPM 139. Hole in gauge per caliper.,22,24,8,16,3.8,63000,10.2,28,14.8,86.0,199,3.3,37,43,6.75,MTF,4,PDC,Baker Hughes,Kymera XTreme,11-11-11-12-12,6.75,1.50,Halliburton iCruise,374.6,calculated
DDR-065,PERM-4305,2025-02-17,18:00,10062,9164,8.75,35,21,130,8489,4068,11.0,683,949,50,DRILL,Drilling ahead - steady,Wolfcamp A,0,,Drlg ahead WC A. Depth 10062'. Avg 35fph. Slight drag on connections ~5k over string wt. Working thru.,22,24,8,16,3.8,63000,10.2,28,14.8,85.3,195,3.1,5,75,6.75,GTF,4,PDC,Baker Hughes,Kymera XTreme,11-11-11-12-12,6.75,1.50,Halliburton iCruise,364.5,calculated
DDR-066,PERM-4305,2025-02-18,06:00,10150,9227,8.75,44,26,133,8831,4162,11.2,645,1017,43,DRILL,Drilling ahead,Wolfcamp A,0,,Making hole WC A @ 10150ft. 44fph. MW 11.2ppg. PV/YP 22/24. Solids 14.8%. Mud in spec.,22,24,8,16,3.8,63000,10.2,28,14.8,85.1,194,2.7,5,75,6.75,GTF,4,PDC,Baker Hughes,Kymera XTreme,11-11-11-12-12,6.75,1.50,Halliburton iCruise,364.9,calculated
DDR-067,PERM-4305,2025-02-18,10:00,10244,9294,8.75,47,22,125,10001,4254,11.1,619,925,44,DRILL,Drilling ahead - good progress,Wolfcamp A,0,,"Drlg ahead 10151-10244 in WCA. Avg 47fph, WOB 22k, 125rpm. Torque running 10k ft-lbs. MW 11.1 ppg. No issues.",22,24,8,16,3.8,63000,10.2,28,14.8,85.0,190,2.5,11,69,6.75,GTF,4,PDC,Baker Hughes,Kymera XTreme,11-11-11-12-12,6.75,1.50,Halliburton iCruise,302.9,calculated
DDR-068,PERM-4305,2025-02-18,14:00,10244,9294,8.75,0,0,0,0,0,11.5,0,989,25,CASE,Running casing,Wolfcamp A,0,,Csg run - 7 26# P-110 LTC to 10244' in WC A. Float equip good. Ready to cement.,22,24,8,16,3.8,63000,10.2,28,14.8,0,0,0,0,0,6.75,,4,PDC,Baker Hughes,Kymera XTreme,11-11-11-12-12,6.75,1.50,Halliburton iCruise,0.0,N/A
DDR-069,PERM-4305,2025-02-18,18:00,10244,9294,8.75,0,0,0,0,0,11.3,0,929,23,LOG,Logging - gamma ray,Wolfcamp A,0,,Running wireline logs - GR/ILD/Neutron. Good log quality. Logged WC A section. 2hrs logging time.,22,24,8,16,3.8,63000,10.2,28,14.8,0,0,0,0,0,6.75,,4,PDC,Baker Hughes,Kymera XTreme,11-11-11-12-12,6.75,1.50,Halliburton iCruise,0.0,N/A
DDR-070,PERM-4305,2025-02-19,06:00,10244,9294,8.75,0,0,0,0,0,10.9,0,1008,26,NPT,Stuck pipe - working free,Wolfcamp A,2,wellbore,Lost returns @ 10244' in Wolfcamp A. Pumped 100bbl LCM pill - med/coarse mica + nut plug. Regained returns. 2.0hrs.,22,24,8,16,3.8,63000,10.2,28,14.8,0,0,0,0,0,6.75,,4,PDC,Baker Hughes,Kymera XTreme,11-11-11-12-12,6.75,1.50,Halliburton iCruise,0.0,N/A
DDR-071,PERM-4305,2025-02-19,10:00,10244,9294,8.75,0,0,0,0,0,11.3,0,972,31,NPT,Lost circulation - pumping LCM,Wolfcamp A,2,wellbore,Diff stick @ 10244'. Jarred 26 times. Spotted 32bbl diesel pill. Free after 2.0hrs.,22,24,8,16,3.8,63000,10.2,28,14.8,0,0,0,0,0,6.75,,4,PDC,Baker Hughes,Kymera XTreme,11-11-11-12-12,6.75,1.50,Halliburton iCruise,0.0,N/A
DDR-072,PERM-4305,2025-02-19,14:00,10322,9349,8.75,39,24,132,11280,4383,11.2,673,943,41,DRILL,Drilling ahead - steady,Wolfcamp A,0,,"Drlg 10268-10322' WC A. ROP 39 fph avg. Bit running smooth. SPP 4383, torque steady ~11k.",22,24,8,16,3.8,63000,10.2,28,14.8,86.2,196,3.4,32,48,6.75,GTF,4,PDC,Baker Hughes,Kymera XTreme,11-11-11-12-12,6.75,1.50,Halliburton iCruise,354.5,calculated
DDR-073,PERM-4305,2025-02-19,18:00,10396,9402,8.75,37,19,142,11624,4342,11.1,658,972,44,DRILL,Drilling ahead - slight torque increase,Wolfcamp A,0,,Drilling ahead thru WC A @ 10396'. Making 37fph w/ 19k WOB. Gas 44 units bgd. Inc 85.7 az 189.0.,22,24,8,16,3.8,63000,10.2,28,14.8,85.7,189,2.9,39,41,6.75,GTF,4,PDC,Baker Hughes,Kymera XTreme,11-11-11-12-12,6.75,1.50,Halliburton iCruise,345.5,calculated
DDR-074,PERM-4305,2025-02-20,06:00,10450,9441,8.75,27,24,138,9087,4160,11.0,655,959,41,DRILL,Drilling ahead,Wolfcamp A,0,,"Cont drlg WC A. 27fph, 24k WOB, 4160 SPP. Hole cleaning good - returns clean. MW 11.0ppg.",22,24,8,16,3.8,63000,10.2,28,14.8,85.0,193,3.2,20,60,6.75,GTF,4,PDC,Baker Hughes,Kymera XTreme,11-11-11-12-12,6.75,1.50,Halliburton iCruise,320.1,calculated
DDR-075,PERM-4305,2025-02-20,10:00,10510,9484,8.75,30,26,132,10838,4101,11.2,673,943,27,DRILL,Drilling ahead,Wolfcamp A,0,,"Drlg 10418 to 10510 in Wolf A. Good hole. 30fph rotating. Torque 10k, no drag noted.",22,24,8,16,3.8,63000,10.2,28,14.8,85.3,196,3.6,33,47,6.75,GTF,4,PDC,Baker Hughes,Kymera XTreme,11-11-11-12-12,6.75,1.50,Halliburton iCruise,344.8,calculated
DDR-076,PERM-4305,2025-02-20,14:00,10572,9528,8.75,31,25,140,9233,4085,11.1,682,1016,54,DRILL,Drilling ahead - good progress,Wolfcamp A,0,,Drlg ahead in WC A @ 10572ft. ROP 31fph. Slide 14ft rotate 66ft this stand. TF GTF.,22,24,8,16,3.8,63000,10.2,28,14.8,84.9,199,3.3,14,66,6.75,GTF,4,PDC,Baker Hughes,Kymera XTreme,11-11-11-12-12,6.75,1.50,Halliburton iCruise,338.2,calculated
DDR-077,PERM-4305,2025-02-20,18:00,10616,9559,8.75,22,21,147,7141,4386,11.1,635,1007,46,DRILL,Drilling ahead - steady,Wolfcamp A,0,,"Making hole 10542-10616. WCA fm. 22fph, WOB 21k, RPM 147. PV 22 YP 24. Good progress.",22,24,8,16,3.8,63000,10.2,28,14.8,85.4,194,4.2,11,69,6.75,GTF,4,PDC,Baker Hughes,Kymera XTreme,11-11-11-12-12,6.75,1.50,Halliburton iCruise,325.7,calculated
DDR-078,PERM-4305,2025-02-24,06:00,10895,9872,8.75,39,25,124,10300,4566,11.6,648,991,42,DRILL,Drilling ahead - good progress,Wolfcamp B,0,,"Drlg Wolf B 10801-10895'. Hit softer streak ~10817, ROP jumped to 54fph briefly. Avg 39fph for stand.",22,24,8,16,3.8,63000,10.2,28,14.8,86.1,196,2.8,3,77,6.75,GTF,4,PDC,Baker Hughes,Kymera XTreme,11-11-11-12-12,6.75,1.50,Halliburton iCruise,361.8,calculated
DDR-079,PERM-4305,2025-02-24,10:00,10959,9917,8.75,32,29,128,12101,4412,11.6,646,1006,43,DRILL,Drilling ahead - good progress,Wolfcamp B,0,,Cont drilling Wolf B. Depth 10959'. 32fph. Torque trending up slightly - 12k ft-lbs. Monitoring. WOB 29k.,22,24,8,16,3.8,63000,10.2,28,14.8,85.1,195,3.7,2,78,6.75,GTF,4,PDC,Baker Hughes,Kymera XTreme,11-11-11-12-12,6.75,1.50,Halliburton iCruise,435.1,calculated
DDR-080,PERM-4305,2025-02-24,14:00,11031,9967,8.75,36,23,129,9422,4420,11.7,658,961,46,DRILL,Drilling ahead - steady,Wolfcamp B,0,,"Drlg ahead 11031' in Wolf B. Hard streak ~11019', backed off WOB to 20k. ROP dropped to 21fph for ~32ft then picked back up.",22,24,8,16,3.8,63000,10.2,28,14.8,85.9,195,2.9,18,62,6.75,GTF,4,PDC,Baker Hughes,Kymera XTreme,11-11-11-12-12,6.75,1.50,Halliburton iCruise,322.4,calculated
DDR-081,PERM-4305,2025-02-24,18:00,11031,9967,8.75,0,0,0,0,0,11.7,0,1013,18,TRIP,Tripping for survey/bit check,Wolfcamp B,0,,Trip in - new bit. RIH to 11031'. 5hrs. Reamed last 4 stands to btm. On btm drilling.,22,24,8,16,3.8,63000,10.2,28,14.8,0,0,0,0,0,6.75,,4,PDC,Baker Hughes,Kymera XTreme,11-11-11-12-12,6.75,1.50,Halliburton iCruise,0.0,N/A
DDR-082,PERM-4305,2025-02-25,06:00,11031,9967,8.75,0,0,0,0,0,11.3,0,961,20,NPT,Waiting on weather - high winds,Wolfcamp B,2,weather,Weather delay - electrical storm in area. 2.0hrs. Co man called all stop per safety policy.,22,24,8,16,3.8,63000,10.2,28,14.8,0,0,0,0,0,6.75,,4,PDC,Baker Hughes,Kymera XTreme,11-11-11-12-12,6.75,1.50,Halliburton iCruise,0.0,N/A
DDR-083,PERM-4305,2025-02-25,10:00,11083,10004,8.75,26,27,135,13061,4635,11.7,686,983,60,DRILL,Drilling ahead - good progress,Wolfcamp B,0,,Drilling 11027-11083 WCB. Steady params - 27k WOB 135rpm. Gas bgd 60 units. MW 11.7. No connection gas.,22,24,8,16,3.8,63000,10.2,28,14.8,85.9,193,3.3,33,47,6.75,GTF,4,PDC,Baker Hughes,Kymera XTreme,11-11-11-12-12,6.75,1.50,Halliburton iCruise,295.1,calculated
DDR-084,PERM-4305,2025-02-25,14:00,11119,10029,8.75,18,20,130,11602,4337,11.7,693,1003,48,DRILL,Drilling ahead - good progress,Wolfcamp B,0,,Drlg WC B. Made 63ft this tour. Avg ROP 18fph. Bit looks good per MWD. SPP 4337.,22,24,8,16,3.8,63000,10.2,28,14.8,85.2,192,2.9,35,45,6.75,GTF,4,PDC,Baker Hughes,Kymera XTreme,11-11-11-12-12,6.75,1.50,Halliburton iCruise,379.5,calculated
DDR-085,PERM-4305,2025-02-25,18:00,11119,10029,8.75,0,0,0,0,0,11.6,0,963,25,NPT,Lost circulation - pumping LCM,Wolfcamp B,1,wellbore,"Gas cut mud returns - flow check. Shut in 32min, no flow. Increased MW from 11.6 to 11.8ppg. Cont ops.",22,24,8,16,3.8,63000,10.2,28,14.8,0,0,0,0,0,6.75,,4,PDC,Baker Hughes,Kymera XTreme,11-11-11-12-12,6.75,1.50,Halliburton iCruise,0.0,N/A
DDR-086,PERM-4305,2025-02-26,06:00,11119,10029,8.75,0,0,0,0,0,11.7,0,956,21,CIRC,Circulating - conditioning mud,Wolfcamp B,0,,Conditioning mud @ 11119'. Circ rate 0gpm. PV/YP 22/24. Treating mud - adding gel & barite.,22,24,8,16,3.8,63000,10.2,28,14.8,0,0,0,0,0,6.75,,4,PDC,Baker Hughes,Kymera XTreme,11-11-11-12-12,6.75,1.50,Halliburton iCruise,0.0,N/A
DDR-087,PERM-4305,2025-02-26,10:00,11187,10077,8.75,34,19,116,12349,4424,11.6,656,956,48,DRILL,Drilling ahead,Wolfcamp B,0,,Cont drlg in WCB @ 11187'. 34fph. Slight torque increase last 2 stands - up to 12k. Working pipe freely on connections.,22,24,8,16,3.8,63000,10.2,28,14.8,85.2,195,3.6,36,44,6.75,GTF,4,PDC,Baker Hughes,Kymera XTreme,11-11-11-12-12,6.75,1.50,Halliburton iCruise,355.3,calculated
DDR-088,PERM-4305,2025-02-26,14:00,11207,10091,8.75,10,21,144,9532,4668,11.9,667,971,61,DRILL,Drilling ahead - slight torque increase,Wolfcamp B,0,,Drlg ahead 11111-11207' WCB. Good drlg. 10fph avg. MW 11.9ppg. Circ clean on connections. No fill on btm.,22,24,8,16,3.8,63000,10.2,28,14.8,85.4,193,3.1,13,67,6.75,GTF,4,PDC,Baker Hughes,Kymera XTreme,11-11-11-12-12,6.75,1.50,Halliburton iCruise,349.3,calculated
DDR-089,PERM-4305,2025-02-26,18:00,11249,10120,8.75,21,19,126,13536,4459,11.5,661,962,43,DRILL,Drilling ahead - ROP improving,Wolfcamp B,0,,"Making hole in Wolfcamp B. 11249' MD. ROP 21fph, WOB 19k, RPM 126. Tight hole noted ~11205' - reamed thru ok.",22,24,8,16,3.8,63000,10.2,28,14.8,85.4,194,2.7,13,67,6.75,GTF,4,PDC,Baker Hughes,Kymera XTreme,11-11-11-12-12,6.75,1.50,Halliburton iCruise,334.4,calculated
DDR-090,PERM-4305,2025-02-27,06:00,11321,10170,8.75,36,28,127,11620,4581,11.8,704,1001,55,DRILL,Drilling ahead,Wolfcamp B,0,,Drlg WC B lateral. 36fph. Inc 85.9 az 199.0. DLS ok. Slide ratio 33/47. TF MTF.,22,24,8,16,3.8,63000,10.2,28,14.8,85.9,199,3.9,33,47,6.75,MTF,4,PDC,Baker Hughes,Kymera XTreme,11-11-11-12-12,6.75,1.50,Halliburton iCruise,323.5,calculated
DDR-091,PERM-4305,2025-02-27,10:00,11321,10170,8.75,0,0,0,0,0,11.6,0,949,24,TRIP,Tripping for survey/bit check,Wolfcamp B,0,,RIH w/ new bit to 11321'. Made up BHA on floor. 3hrs trip in. Tagged btm - no fill. Circ btms up.,22,24,8,16,3.8,63000,10.2,28,14.8,0,0,0,0,0,6.75,,4,PDC,Baker Hughes,Kymera XTreme,11-11-11-12-12,6.75,1.50,Halliburton iCruise,0.0,N/A
DDR-092,PERM-4305,2025-02-27,14:00,11401,10226,8.75,40,25,116,11611,4610,11.3,704,979,42,DRILL,Drilling ahead - slight torque increase,Wolfcamp B,0,,Drilling 11321 to 11401ft Wolf B. Gas show 42 units @ 11387'. Trip gas only - no connection gas. Cont drlg.,22,24,8,16,3.8,63000,10.2,28,14.8,85.3,197,3.2,27,53,6.75,GTF,4,PDC,Baker Hughes,Kymera XTreme,11-11-11-12-12,6.75,1.50,Halliburton iCruise,356.3,calculated
DDR-093,PERM-4305,2025-02-27,18:00,11435,10250,8.75,17,21,139,12053,4258,11.6,704,1027,47,DRILL,Drilling ahead - ROP improving,Wolfcamp B,0,,Drlg ahead WC B @ 11435'. 17fph. Torque 12k steady. Good cuttings returns - grey shale w/ some calc stringers.,22,24,8,16,3.8,63000,10.2,28,14.8,85.4,191,3.5,6,74,6.75,GTF,4,PDC,Baker Hughes,Kymera XTreme,11-11-11-12-12,6.75,1.50,Halliburton iCruise,358.9,calculated
DDR-094,PERM-4305,2025-02-28,06:00,11435,10250,8.75,0,0,0,0,0,11.5,0,992,31,LOG,Logging - gamma ray,Wolfcamp B,0,,Logging ops. Ran GR/Res/Density to 11435'. Good log. Repeat section matched. Rigging down wireline.,22,24,8,16,3.8,63000,10.2,28,14.8,0,0,0,0,0,6.75,,4,PDC,Baker Hughes,Kymera XTreme,11-11-11-12-12,6.75,1.50,Halliburton iCruise,0.0,N/A
DDR-095,PERM-4305,2025-02-28,10:00,11435,10250,8.75,0,0,0,0,0,11.6,0,1019,29,CASE,Running casing,Wolfcamp B,0,,Running 7-in csg to 11435'. 26# N-80. Shoe track - float collar + 2 jts. Centralizers every 3rd jt per plan.,22,24,8,16,3.8,63000,10.2,28,14.8,0,0,0,0,0,6.75,,4,PDC,Baker Hughes,Kymera XTreme,11-11-11-12-12,6.75,1.50,Halliburton iCruise,0.0,N/A
DDR-096,PERM-4305,2025-02-28,14:00,11509,10302,8.75,37,32,134,8713,4549,11.5,671,1004,38,DRILL,Drilling ahead - good progress,Wolfcamp B,0,,Cont drlg 11435-11509 in Wolfcamp B. 37fph. Pumps running 4549 psi. Flow rate good. No losses.,22,24,8,16,3.8,63000,10.2,28,14.8,84.9,190,2.7,1,79,6.75,GTF,4,PDC,Baker Hughes,Kymera XTreme,11-11-11-12-12,6.75,1.50,Halliburton iCruise,388.2,calculated
DDR-097,EF-2201,2025-02-16,06:00,6660,6338,12.25,0,0,0,0,0,9.8,0,1230,4,NPT,Rig repair - top drive,Eagle Ford Shale,4,equipment,Top drive issue - overheating alarm. Shut down 4.0hrs. Mech crew replaced cooling pump. Back up.,11,14,5,10,5.0,33000,10.8,18,10.2,0,0,0,0,0,9.625,,2,PDC,Schlumberger,Smith Stinger,12-12-13-13-13,9.625,1.00,Schlumberger TeleScope,0.0,N/A
DDR-098,EF-2201,2025-02-16,10:00,6784,6439,12.25,62,21,129,11178,2858,9.8,809,1183,3,DRILL,Drilling ahead - ROP improving,Eagle Ford Shale,0,,Drlg EF. 6784' MD 6439' TVD. 62fph. WOB 21k. Bit hrs 42. Running good.,11,14,5,10,5.0,33000,10.8,18,10.2,90.5,52,2.6,21,59,9.625,GTF,2,PDC,Schlumberger,Smith Stinger,12-12-13-13-13,9.625,1.00,Schlumberger TeleScope,260.6,calculated
DDR-099,EF-2201,2025-02-16,14:00,6936,6563,12.25,76,25,149,11469,2713,9.6,852,1138,14,DRILL,Drilling ahead - good progress,Eagle Ford Shale,0,,Drilling ahead in EF. Made 96' this rpt. 76fph avg. MW 9.6 ppg. Torque 11k ft-lbs. SPP 2713.,11,14,5,10,5.0,33000,10.8,18,10.2,89.4,46,1.9,2,78,9.625,GTF,2,PDC,Schlumberger,Smith Stinger,12-12-13-13-13,9.625,1.00,Schlumberger TeleScope,323.1,calculated
DDR-100,EF-2201,2025-02-16,18:00,6936,6563,12.25,0,0,0,0,0,9.6,0,1284,8,NPT,Waiting on cement crew,Eagle Ford Shale,1,logistics,"Waiting on cement crew - truck broke down en route. 1.0hrs delay. Crew on location, rigging up.",11,14,5,10,5.0,33000,10.8,18,10.2,0,0,0,0,0,9.625,,2,PDC,Schlumberger,Smith Stinger,12-12-13-13-13,9.625,1.00,Schlumberger TeleScope,0.0,N/A
DDR-101,EF-2201,2025-02-17,06:00,7070,6673,12.25,67,28,139,9643,3061,9.8,832,1098,-6,DRILL,Drilling ahead - slight torque increase,Eagle Ford Shale,0,,Drlg Eagle Ford 7070'. ROP 67fph. Cuttings look good - Eagle Ford characteristic. Gas bgd -6u. No issues to report.,11,14,5,10,5.0,33000,10.8,18,10.2,89.8,56,2.6,11,69,9.625,MTF,2,PDC,Schlumberger,Smith Stinger,12-12-13-13-13,9.625,1.00,Schlumberger TeleScope,363.0,calculated
DDR-102,EF-2201,2025-02-17,10:00,7238,6810,12.25,84,28,131,11964,2621,9.9,849,1247,15,DRILL,Drilling ahead - steady,Eagle Ford Shale,0,,Cont drlg Eagle Ford. 7185-7238'. Rotary drlg 84fph. WOB 28k RPM 131. Hole in gauge per caliper.,11,14,5,10,5.0,33000,10.8,18,10.2,90.3,52,1.3,13,67,9.625,GTF,2,PDC,Schlumberger,Smith Stinger,12-12-13-13-13,9.625,1.00,Schlumberger TeleScope,305.0,calculated
DDR-103,EF-2201,2025-02-17,14:00,7396,6940,12.25,79,23,125,12052,2863,9.8,818,1279,9,DRILL,Drilling ahead - ROP improving,Eagle Ford Shale,0,,Drlg ahead EF. Depth 7396'. Avg 79fph. Slight drag on connections ~6k over string wt. Working thru.,11,14,5,10,5.0,33000,10.8,18,10.2,89.8,47,1.1,6,74,9.625,GTF,2,PDC,Schlumberger,Smith Stinger,12-12-13-13-13,9.625,1.00,Schlumberger TeleScope,345.9,calculated
DDR-104,EF-2201,2025-02-17,18:00,7548,7064,12.25,76,21,131,9623,2520,9.8,801,1188,-7,DRILL,Drilling ahead - good progress,Eagle Ford Shale,0,,Making hole EF @ 7548ft. 76fph. MW 9.8ppg. PV/YP 11/14. Solids 10.2%. Mud in spec.,11,14,5,10,5.0,33000,10.8,18,10.2,90.6,47,1.6,16,64,9.625,GTF,2,PDC,Schlumberger,Smith Stinger,12-12-13-13-13,9.625,1.00,Schlumberger TeleScope,369.0,calculated
DDR-105,EF-2201,2025-02-18,06:00,7548,7064,12.25,0,0,0,0,0,9.8,0,1137,12,NPT,Flow check - gas cut mud,Eagle Ford Shale,5,wellbore,Lost circ @ 7548' - EF transition zone. Pumped LCM sweep. Partial returns. Pumped 2nd pill. Full returns after 5.0hrs.,11,14,5,10,5.0,33000,10.8,18,10.2,0,0,0,0,0,9.625,,2,PDC,Schlumberger,Smith Stinger,12-12-13-13-13,9.625,1.00,Schlumberger TeleScope,0.0,N/A
DDR-106,EF-2201,2025-02-18,10:00,7634,7134,12.25,43,27,137,10024,2348,9.6,844,1169,21,DRILL,Drilling ahead - steady,Eagle Ford Shale,0,,"Drlg ahead 7565-7634 in Eagle Ford. Avg 43fph, WOB 27k, 137rpm. Torque running 10k ft-lbs. MW 9.6 ppg. No issues.",11,14,5,10,5.0,33000,10.8,18,10.2,88.8,54,1.8,28,52,9.625,GTF,2,PDC,Schlumberger,Smith Stinger,12-12-13-13-13,9.625,1.00,Schlumberger TeleScope,378.1,calculated
DDR-107,EF-2201,2025-02-18,14:00,7782,7255,12.25,74,26,144,13231,3038,9.7,829,1177,15,DRILL,Drilling ahead - slight torque increase,Eagle Ford Shale,0,,"Drlg 7713-7782' EF Shale. ROP 74 fph avg. Bit running smooth. SPP 3038, torque steady ~13k.",11,14,5,10,5.0,33000,10.8,18,10.2,89.4,54,1.2,3,77,9.625,GTF,2,PDC,Schlumberger,Smith Stinger,12-12-13-13-13,9.625,1.00,Schlumberger TeleScope,336.8,calculated
DDR-108,EF-2201,2025-02-18,18:00,7918,7367,12.25,68,21,137,13151,3053,9.9,800,1271,5,DRILL,Drilling ahead,Eagle Ford Shale,0,,Drilling ahead thru Eagle Ford @ 7918'. Making 68fph w/ 21k WOB. Gas 5 units bgd. Inc 89.8 az 50.0.,11,14,5,10,5.0,33000,10.8,18,10.2,89.8,50,1.6,20,60,9.625,MTF,2,PDC,Schlumberger,Smith Stinger,12-12-13-13-13,9.625,1.00,Schlumberger TeleScope,360.3,calculated
DDR-109,EF-2201,2025-02-19,06:00,7918,7367,12.25,0,0,0,0,0,9.9,0,1158,2,CASE,Running casing,Eagle Ford Shale,0,,RIH 9-5/8 csg. 7918' TD. 43.5# P-110 VAM TOP. No tight spots running in. Circ on btm - good returns.,11,14,5,10,5.0,33000,10.8,18,10.2,0,0,0,0,0,9.625,,2,PDC,Schlumberger,Smith Stinger,12-12-13-13-13,9.625,1.00,Schlumberger TeleScope,0.0,N/A
DDR-110,EF-2201,2025-02-19,10:00,7918,7367,12.25,0,0,0,0,0,9.7,0,1240,11,NPT,Flow check - gas cut mud,Eagle Ford Shale,4,wellbore,"Stuck @ 7918'. Max overpull 74k. Worked pipe, spotted oil pill. Jarred free after 4.0hrs. Hole ok.",11,14,5,10,5.0,33000,10.8,18,10.2,0,0,0,0,0,9.625,,2,PDC,Schlumberger,Smith Stinger,12-12-13-13-13,9.625,1.00,Schlumberger TeleScope,0.0,N/A
DDR-111,EF-2201,2025-02-24,06:00,10187,9144,12.25,68,25,130,12000,2990,10.1,824,1173,8,DRILL,Drilling ahead,Austin Chalk,0,,"Cont drlg A Chalk. 68fph, 25k WOB, 2990 SPP. Hole cleaning good - returns clean. MW 10.1ppg.",11,14,5,10,5.0,33000,10.8,18,10.2,90.8,48,1.9,23,57,9.625,GTF,2,PDC,Schlumberger,Smith Stinger,12-12-13-13-13,9.625,1.00,Schlumberger TeleScope,370.6,calculated
DDR-112,EF-2201,2025-02-24,10:00,10187,9144,12.25,0,0,0,0,0,9.9,0,1219,6,LOG,Logging - gamma ray,Austin Chalk,0,,WL logging - GR/Res combo to 10187' in Austin Chk. Good data quality. No tool sticking. 2hrs.,11,14,5,10,5.0,33000,10.8,18,10.2,0,0,0,0,0,9.625,,2,PDC,Schlumberger,Smith Stinger,12-12-13-13-13,9.625,1.00,Schlumberger TeleScope,0.0,N/A
DDR-113,EF-2201,2025-02-24,14:00,10187,9144,12.25,0,0,0,0,0,9.9,0,1262,8,NPT,Waiting on cement crew,Austin Chalk,3,logistics,"WOC cement. Crew delayed - road conditions. 3.0hrs NPT. On location now, mixing cement.",11,14,5,10,5.0,33000,10.8,18,10.2,0,0,0,0,0,9.625,,2,PDC,Schlumberger,Smith Stinger,12-12-13-13-13,9.625,1.00,Schlumberger TeleScope,0.0,N/A
DDR-114,EF-2201,2025-02-24,18:00,10187,9144,12.25,0,0,0,0,0,10.2,0,1196,10,CASE,Running casing,Austin Chalk,0,,"RIH w/ 9-5/8"" csg to 10187'. Running 43.5# P-110 VAM TOP. Centralizers every 3rd jt. No issues.",11,14,5,10,5.0,33000,10.8,18,10.2,0,0,0,0,0,9.625,,2,PDC,Schlumberger,Smith Stinger,12-12-13-13-13,9.625,1.00,Schlumberger TeleScope,0.0,N/A
DDR-115,EF-2201,2025-02-25,06:00,10303,9204,12.25,58,30,127,13325,3052,9.9,839,1140,27,DRILL,Drilling ahead - ROP improving,Austin Chalk,0,,"Drlg 10233 to 10303 in A Chalk. Good hole. 58fph rotating. Torque 13k, no drag noted.",11,14,5,10,5.0,33000,10.8,18,10.2,89.5,53,1.9,6,74,9.625,GTF,2,PDC,Schlumberger,Smith Stinger,12-12-13-13-13,9.625,1.00,Schlumberger TeleScope,410.1,calculated
DDR-116,EF-2201,2025-02-25,10:00,10427,9268,12.25,62,34,131,8290,2937,9.9,834,1244,-1,DRILL,Drilling ahead - slight torque increase,Austin Chalk,0,,Drlg ahead in Austin Chk @ 10427ft. ROP 62fph. Slide 35ft rotate 45ft this stand. TF GTF.,11,14,5,10,5.0,33000,10.8,18,10.2,90.5,53,2.1,35,45,9.625,GTF,2,PDC,Schlumberger,Smith Stinger,12-12-13-13-13,9.625,1.00,Schlumberger TeleScope,293.4,calculated
DDR-117,EF-2201,2025-02-25,14:00,10541,9326,12.25,57,29,123,11778,2895,9.7,827,1155,31,DRILL,Drilling ahead,Austin Chalk,0,,"Making hole 10484-10541. Austin Chalk fm. 57fph, WOB 29k, RPM 123. PV 11 YP 14. Good progress.",11,14,5,10,5.0,33000,10.8,18,10.2,89.2,50,1.6,27,53,9.625,GTF,2,PDC,Schlumberger,Smith Stinger,12-12-13-13-13,9.625,1.00,Schlumberger TeleScope,438.6,calculated
DDR-118,EF-2201,2025-02-25,18:00,10541,9326,12.25,0,0,0,0,0,9.9,0,1200,5,NPT,BOP test,Austin Chalk,4,equipment,MWD tool quit sending surveys @ 10541'. Tripped to replace. 4.0hrs. New tool checks good.,11,14,5,10,5.0,33000,10.8,18,10.2,0,0,0,0,0,9.625,,2,PDC,Schlumberger,Smith Stinger,12-12-13-13-13,9.625,1.00,Schlumberger TeleScope,0.0,N/A
DDR-119,EF-2201,2025-02-26,06:00,10541,9326,12.25,0,0,0,0,0,9.9,0,1221,7,NPT,Stuck pipe - working free,Austin Chalk,5,wellbore,Flow check after gas cut returns. Gas 90 units. Shut in - no flow. Weighted up to 10.1ppg. 5.0hrs NPT.,11,14,5,10,5.0,33000,10.8,18,10.2,0,0,0,0,0,9.625,,2,PDC,Schlumberger,Smith Stinger,12-12-13-13-13,9.625,1.00,Schlumberger TeleScope,0.0,N/A
DDR-120,EF-2201,2025-02-26,10:00,10659,9387,12.25,59,24,135,13306,2782,10.1,806,1300,8,DRILL,Drilling ahead - steady,Austin Chalk,0,,"Drlg A Chalk 10609-10659'. Hit softer streak ~10647, ROP jumped to 73fph briefly. Avg 59fph for stand.",11,14,5,10,5.0,33000,10.8,18,10.2,90.0,46,1.9,19,61,9.625,GTF,2,PDC,Schlumberger,Smith Stinger,12-12-13-13-13,9.625,1.00,Schlumberger TeleScope,374.0,calculated
DDR-121,EF-2201,2025-02-26,14:00,10773,9446,12.25,57,26,116,8873,2855,9.8,823,1220,9,DRILL,Drilling ahead - good progress,Austin Chalk,0,,Cont drilling Austin Chk. Depth 10773'. 57fph. Torque trending up slightly - 8k ft-lbs. Monitoring. WOB 26k.,11,14,5,10,5.0,33000,10.8,18,10.2,90.5,51,1.1,31,49,9.625,GTF,2,PDC,Schlumberger,Smith Stinger,12-12-13-13-13,9.625,1.00,Schlumberger TeleScope,342.7,calculated
DDR-122,EF-2201,2025-02-26,18:00,10913,9518,12.25,70,28,137,10905,2841,10.3,849,1215,4,DRILL,Drilling ahead - slight torque increase,Austin Chalk,0,,"Drlg ahead 10913' in Austin Chk. Hard streak ~10896', backed off WOB to 25k. ROP dropped to 55fph for ~23ft then picked back up.",11,14,5,10,5.0,33000,10.8,18,10.2,89.3,49,1.3,22,58,9.625,MTF,2,PDC,Schlumberger,Smith Stinger,12-12-13-13-13,9.625,1.00,Schlumberger TeleScope,296.2,calculated
DDR-123,EF-2201,2025-02-27,06:00,11053,9591,12.25,70,24,130,11091,2575,9.8,835,1273,15,DRILL,Drilling ahead - slight torque increase,Austin Chalk,0,,Drilling 11002-11053 Austin Chalk. Steady params - 24k WOB 130rpm. Gas bgd 15 units. MW 9.8. No connection gas.,11,14,5,10,5.0,33000,10.8,18,10.2,89.9,52,3.2,31,49,9.625,MTF,2,PDC,Schlumberger,Smith Stinger,12-12-13-13-13,9.625,1.00,Schlumberger TeleScope,319.4,calculated
DDR-124,EF-2201,2025-02-27,10:00,11167,9649,12.25,57,21,123,11112,3035,10.0,832,1172,-4,DRILL,Drilling ahead - steady,Austin Chalk,0,,Drlg A Chalk. Made 79ft this tour. Avg ROP 57fph. Bit looks good per MWD. SPP 3035.,11,14,5,10,5.0,33000,10.8,18,10.2,89.7,57,2.2,3,77,9.625,MTF,2,PDC,Schlumberger,Smith Stinger,12-12-13-13-13,9.625,1.00,Schlumberger TeleScope,330.0,calculated
DDR-125,EF-2201,2025-02-27,14:00,11275,9705,12.25,54,24,129,14431,2740,9.7,824,1241,24,DRILL,Drilling ahead - ROP improving,Austin Chalk,0,,Cont drlg in Austin Chk @ 11275'. 54fph. Slight torque increase last 2 stands - up to 14k. Working pipe freely on connections.,11,14,5,10,5.0,33000,10.8,18,10.2,90.5,51,1.9,31,49,9.625,GTF,2,PDC,Schlumberger,Smith Stinger,12-12-13-13-13,9.625,1.00,Schlumberger TeleScope,336.5,calculated
DDR-126,BAK-1456,2025-02-16,06:00,9703,9441,8.5,26,20,93,7141,3767,11.2,577,919,28,DRILL,Drilling ahead,Middle Bakken,0,,Drlg ahead 9650-9703' Mid Bak. Good drlg. 26fph avg. MW 11.2ppg. Circ clean on connections. No fill on btm.,18,20,7,14,4.5,56000,10.3,25,13.0,90.3,317,1.1,35,45,6.75,GTF,3,PDC,NOV,ReedHycalog,10-10-11-11-11,6.75,1.25,NOV Tolteq,354.6,calculated
DDR-127,BAK-1456,2025-02-16,10:00,9761,9492,8.5,29,23,102,8211,3644,11.3,593,979,17,DRILL,Drilling ahead - steady,Middle Bakken,0,,"Making hole in Mid Bakken. 9761' MD. ROP 29fph, WOB 23k, RPM 102. Tight hole noted ~9739' - reamed thru ok.",18,20,7,14,4.5,56000,10.3,25,13.0,90.5,314,1.7,11,69,6.75,MTF,3,PDC,NOV,ReedHycalog,10-10-11-11-11,6.75,1.25,NOV Tolteq,376.5,calculated
DDR-128,BAK-1456,2025-02-16,14:00,9823,9546,8.5,31,18,90,7159,3713,11.3,567,1002,22,DRILL,Drilling ahead - slight torque increase,Middle Bakken,0,,Drlg Mid Bakken lateral. 31fph. Inc 91.8 az 314.0. DLS ok. Slide ratio 4/76. TF MTF.,18,20,7,14,4.5,56000,10.3,25,13.0,91.8,314,1.7,4,76,6.75,MTF,3,PDC,NOV,ReedHycalog,10-10-11-11-11,6.75,1.25,NOV Tolteq,353.2,calculated
DDR-129,BAK-1456,2025-02-16,18:00,9869,9586,8.5,23,17,94,10212,3869,11.4,615,964,25,DRILL,Drilling ahead,Middle Bakken,0,,Drilling 9818 to 9869ft M Bakken. Gas show 25 units @ 9859'. Trip gas only - no connection gas. Cont drlg.,18,20,7,14,4.5,56000,10.3,25,13.0,91.2,315,0.9,36,44,6.75,MTF,3,PDC,NOV,ReedHycalog,10-10-11-11-11,6.75,1.25,NOV Tolteq,287.5,calculated
DDR-130,BAK-1456,2025-02-17,06:00,9869,9586,8.5,0,0,0,0,0,11.2,0,978,19,NPT,Waiting on equipment - MWD failure,Middle Bakken,3,equipment,"Scheduled BOP test. Tested blind rams, pipe rams, annular to rated WP. All good. 3.0hrs.",18,20,7,14,4.5,56000,10.3,25,13.0,0,0,0,0,0,6.75,,3,PDC,NOV,ReedHycalog,10-10-11-11-11,6.75,1.25,NOV Tolteq,0.0,N/A
DDR-131,BAK-1456,2025-02-17,10:00,9869,9586,8.5,0,0,0,0,0,11.3,0,936,6,TRIP,Tripping for survey/bit check,Middle Bakken,0,,"RIH new 8.5"" PDC bit. Tripped to 9869' in 5hrs. No tight spots. On btm, circ btms up.",18,20,7,14,4.5,56000,10.3,25,13.0,0,0,0,0,0,6.75,,3,PDC,NOV,ReedHycalog,10-10-11-11-11,6.75,1.25,NOV Tolteq,0.0,N/A
DDR-132,BAK-1456,2025-02-17,14:00,9917,9628,8.5,24,15,109,10946,4033,11.3,596,976,13,DRILL,Drilling ahead - good progress,Middle Bakken,0,,Drlg ahead Mid Bak @ 9917'. 24fph. Torque 10k steady. Good cuttings returns - grey shale w/ some calc stringers.,18,20,7,14,4.5,56000,10.3,25,13.0,91.3,313,1.2,34,46,6.75,GTF,3,PDC,NOV,ReedHycalog,10-10-11-11-11,6.75,1.25,NOV Tolteq,338.6,calculated
DDR-133,BAK-1456,2025-02-17,18:00,9975,9679,8.5,29,19,81,9437,3825,11.5,565,976,27,DRILL,Drilling ahead,Middle Bakken,0,,Cont drlg 9923-9975 in Mid Bakken. 29fph. Pumps running 3825 psi. Flow rate good. No losses.,18,20,7,14,4.5,56000,10.3,25,13.0,91.8,310,1.2,14,66,6.75,GTF,3,PDC,NOV,ReedHycalog,10-10-11-11-11,6.75,1.25,NOV Tolteq,345.7,calculated
DDR-134,BAK-1456,2025-02-18,06:00,9975,9679,8.5,0,0,0,0,0,11.4,0,959,18,NPT,Rig repair - top drive,Middle Bakken,3,equipment,"TD motor tripped thermal protection. Let cool 1hr, replaced coolant lines. 3.0hrs total NPT.",18,20,7,14,4.5,56000,10.3,25,13.0,0,0,0,0,0,6.75,,3,PDC,NOV,ReedHycalog,10-10-11-11-11,6.75,1.25,NOV Tolteq,0.0,N/A
DDR-135,BAK-1456,2025-02-18,10:00,10075,9767,8.5,50,23,98,8232,3898,11.2,577,925,19,DRILL,Drilling ahead - steady,Middle Bakken,0,,Drlg Mid Bak. 10075' MD 9767' TVD. 50fph. WOB 23k. Bit hrs 58. Running good.,18,20,7,14,4.5,56000,10.3,25,13.0,92.0,315,2.3,33,47,6.75,MTF,3,PDC,NOV,ReedHycalog,10-10-11-11-11,6.75,1.25,NOV Tolteq,409.7,calculated
DDR-136,BAK-1456,2025-02-18,14:00,10133,9817,8.5,29,18,114,8685,3777,11.3,593,971,27,DRILL,Drilling ahead,Middle Bakken,0,,Drilling ahead in Mid Bakken. Made 44' this rpt. 29fph avg. MW 11.3 ppg. Torque 8k ft-lbs. SPP 3777.,18,20,7,14,4.5,56000,10.3,25,13.0,91.0,316,0.3,1,79,6.75,GTF,3,PDC,NOV,ReedHycalog,10-10-11-11-11,6.75,1.25,NOV Tolteq,389.6,calculated
DDR-137,BAK-1456,2025-02-18,18:00,10199,9875,8.5,33,21,97,8414,3726,11.5,585,959,27,DRILL,Drilling ahead - steady,Middle Bakken,0,,Drlg Mid Bak 10199'. ROP 33fph. Cuttings look good - Mid Bak characteristic. Gas bgd 27u. No issues to report.,18,20,7,14,4.5,56000,10.3,25,13.0,91.8,311,1.0,27,53,6.75,GTF,3,PDC,NOV,ReedHycalog,10-10-11-11-11,6.75,1.25,NOV Tolteq,386.8,calculated
DDR-138,BAK-1456,2025-02-19,06:00,10269,9936,8.5,35,19,90,7973,3678,11.4,603,975,22,DRILL,Drilling ahead - slight torque increase,Middle Bakken,0,,Cont drlg Mid Bak. 10226-10269'. Rotary drlg 35fph. WOB 19k RPM 90. Hole in gauge per caliper.,18,20,7,14,4.5,56000,10.3,25,13.0,91.6,313,0.9,21,59,6.75,GTF,3,PDC,NOV,ReedHycalog,10-10-11-11-11,6.75,1.25,NOV Tolteq,344.1,calculated
DDR-139,BAK-1456,2025-02-19,10:00,10269,9936,8.5,0,0,0,0,0,11.4,0,907,4,TRIP,Tripping for survey/bit check,Middle Bakken,0,,Running in hole w/ BHA #3. New NOV ReedHycalog bit. To btm in 6hrs. Ready to drill.,18,20,7,14,4.5,56000,10.3,25,13.0,0,0,0,0,0,6.75,,3,PDC,NOV,ReedHycalog,10-10-11-11-11,6.75,1.25,NOV Tolteq,0.0,N/A
DDR-140,BAK-1456,2025-02-19,14:00,10317,9978,8.5,24,19,100,6751,3580,11.2,590,932,29,DRILL,Drilling ahead - ROP improving,Middle Bakken,0,,Drlg ahead M Bakken. Depth 10317'. Avg 24fph. Slight drag on connections ~8k over string wt. Working thru.,18,20,7,14,4.5,56000,10.3,25,13.0,91.3,315,1.0,11,69,6.75,GTF,3,PDC,NOV,ReedHycalog,10-10-11-11-11,6.75,1.25,NOV Tolteq,363.6,calculated
DDR-141,BAK-1456,2025-02-19,18:00,10391,10000,8.5,37,17,96,8730,4204,11.2,565,938,34,DRILL,Drilling ahead - good progress,Middle Bakken,0,,Making hole Mid Bak @ 10391ft. 37fph. MW 11.2ppg. PV/YP 18/20. Solids 13.0%. Mud in spec.,18,20,7,14,4.5,56000,10.3,25,13.0,93.0,323,0.9,24,56,6.75,GTF,3,PDC,NOV,ReedHycalog,10-10-11-11-11,6.75,1.25,NOV Tolteq,353.0,calculated
DDR-142,BAK-1456,2025-02-24,06:00,10536,10034,8.5,29,27,105,6382,4005,11.5,607,989,28,DRILL,Drilling ahead - steady,Three Forks,0,,"Drlg ahead 10483-10536 in 3 Forks. Avg 29fph, WOB 27k, 105rpm. Torque running 6k ft-lbs. MW 11.5 ppg. No issues.",18,20,7,14,4.5,56000,10.3,25,13.0,91.3,312,1.6,9,71,6.75,GTF,3,PDC,NOV,ReedHycalog,10-10-11-11-11,6.75,1.25,NOV Tolteq,386.2,calculated
DDR-143,BAK-1456,2025-02-24,10:00,10600,10035,8.5,32,17,85,7318,3937,11.7,627,1055,47,DRILL,Drilling ahead - ROP improving,Three Forks,0,,"Drlg 10560-10600' TF. ROP 32 fph avg. Bit running smooth. SPP 3937, torque steady ~7k.",18,20,7,14,4.5,56000,10.3,25,13.0,92.2,314,1.0,32,48,6.75,GTF,3,PDC,NOV,ReedHycalog,10-10-11-11-11,6.75,1.25,NOV Tolteq,351.1,calculated
DDR-144,BAK-1456,2025-02-24,14:00,10600,10035,8.5,0,0,0,0,0,11.6,0,965,23,CIRC,Circulating - conditioning mud,Three Forks,0,,Circ & condition @ 10600'. Btms up clean. No gas. MW 11.6ppg. Hole in good shape.,18,20,7,14,4.5,56000,10.3,25,13.0,0,0,0,0,0,6.75,,3,PDC,NOV,ReedHycalog,10-10-11-11-11,6.75,1.25,NOV Tolteq,0.0,N/A
DDR-145,BAK-1456,2025-02-24,18:00,10660,10036,8.5,30,18,92,9004,3805,11.8,589,967,33,DRILL,Drilling ahead - ROP improving,Three Forks,0,,Drilling ahead thru Three Forks @ 10660'. Making 30fph w/ 18k WOB. Gas 33 units bgd. Inc 91.0 az 312.0.,18,20,7,14,4.5,56000,10.3,25,13.0,91.0,312,0.9,20,60,6.75,GTF,3,PDC,NOV,ReedHycalog,10-10-11-11-11,6.75,1.25,NOV Tolteq,327.0,calculated
DDR-146,BAK-1456,2025-02-25,06:00,10660,10036,8.5,0,0,0,0,0,12.0,0,972,18,NPT,Rig repair - top drive,Three Forks,5,equipment,Mud pump #3 down - blown liner. Replaced liner & piston. 5.0hrs to repair. Back online.,18,20,7,14,4.5,56000,10.3,25,13.0,0,0,0,0,0,6.75,,3,PDC,NOV,ReedHycalog,10-10-11-11-11,6.75,1.25,NOV Tolteq,0.0,N/A
DDR-147,BAK-1456,2025-02-25,10:00,10660,10036,8.5,0,0,0,0,0,11.5,0,947,13,NPT,Waiting on equipment - MWD failure,Three Forks,2,equipment,MWD failure @ 10660'. POOH to replace tool. 2.0hrs NPT. RIH w/ new MWD - surveys good.,18,20,7,14,4.5,56000,10.3,25,13.0,0,0,0,0,0,6.75,,3,PDC,NOV,ReedHycalog,10-10-11-11-11,6.75,1.25,NOV Tolteq,0.0,N/A
DDR-148,BAK-1456,2025-02-25,14:00,10660,10036,8.5,0,0,0,0,0,11.8,0,1026,16,NPT,Rig repair - top drive,Three Forks,3,equipment,"Top drive motor overheating. Shut down, flushed cooling system, replaced filter. 3.0hrs repair time.",18,20,7,14,4.5,56000,10.3,25,13.0,0,0,0,0,0,6.75,,3,PDC,NOV,ReedHycalog,10-10-11-11-11,6.75,1.25,NOV Tolteq,0.0,N/A
DDR-149,BAK-1456,2025-02-25,18:00,10660,10036,8.5,0,0,0,0,0,11.4,0,981,8,CIRC,Circulating - conditioning mud,Three Forks,0,,Short circ - btms up prior to connection. Returns clean. MW 11.4ppg. PV 18 YP 20. Cont ops.,18,20,7,14,4.5,56000,10.3,25,13.0,0,0,0,0,0,6.75,,3,PDC,NOV,ReedHycalog,10-10-11-11-11,6.75,1.25,NOV Tolteq,0.0,N/A
DDR-150,BAK-1456,2025-02-26,06:00,10706,10037,8.5,23,20,92,10037,4105,11.9,558,958,39,DRILL,Drilling ahead,Three Forks,0,,"Cont drlg TF. 23fph, 20k WOB, 4105 SPP. Hole cleaning good - returns clean. MW 11.9ppg.",18,20,7,14,4.5,56000,10.3,25,13.0,91.9,310,0.9,4,76,6.75,GTF,3,PDC,NOV,ReedHycalog,10-10-11-11-11,6.75,1.25,NOV Tolteq,364.5,calculated
DDR-151,BAK-1456,2025-02-26,10:00,10706,10037,8.5,0,0,0,0,0,11.6,0,970,22,NPT,Waiting on weather - high winds,Three Forks,4,weather,WOW - wind exceeding 50mph sustained. No crane ops. Crew on standby 4.0hrs.,18,20,7,14,4.5,56000,10.3,25,13.0,0,0,0,0,0,6.75,,3,PDC,NOV,ReedHycalog,10-10-11-11-11,6.75,1.25,NOV Tolteq,0.0,N/A
DDR-152,BAK-1456,2025-02-26,14:00,10752,10037,8.5,23,20,96,10395,3699,11.8,605,936,35,DRILL,Drilling ahead - ROP improving,Three Forks,0,,"Drlg 10691 to 10752 in Three Forks. Good hole. 23fph rotating. Torque 10k, no drag noted.",18,20,7,14,4.5,56000,10.3,25,13.0,91.3,311,1.0,34,46,6.75,GTF,3,PDC,NOV,ReedHycalog,10-10-11-11-11,6.75,1.25,NOV Tolteq,313.3,calculated
DDR-153,BAK-1456,2025-02-26,18:00,10752,10037,8.5,0,0,0,0,0,11.3,0,952,20,NPT,Stuck pipe - working free,Three Forks,1,wellbore,Stuck pipe @ 10752'. Worked pipe 1.0hrs - overpull 94k over string wt. Spotted 32bbl oil pill. Came free.,18,20,7,14,4.5,56000,10.3,25,13.0,0,0,0,0,0,6.75,,3,PDC,NOV,ReedHycalog,10-10-11-11-11,6.75,1.25,NOV Tolteq,0.0,N/A
DDR-154,BAK-1456,2025-02-27,06:00,10830,10039,8.5,39,20,90,8514,4415,11.7,571,991,38,DRILL,Drilling ahead,Three Forks,0,,Drlg ahead in Three Forks @ 10830ft. ROP 39fph. Slide 27ft rotate 53ft this stand. TF GTF.,18,20,7,14,4.5,56000,10.3,25,13.0,91.5,318,1.1,27,53,6.75,GTF,3,PDC,NOV,ReedHycalog,10-10-11-11-11,6.75,1.25,NOV Tolteq,343.7,calculated
DDR-155,BAK-1456,2025-02-27,10:00,10892,10040,8.5,31,22,90,9705,4102,11.8,582,937,37,DRILL,Drilling ahead,Three Forks,0,,"Making hole 10815-10892. TF fm. 31fph, WOB 22k, RPM 90. PV 18 YP 20. Good progress.",18,20,7,14,4.5,56000,10.3,25,13.0,91.5,314,1.8,22,58,6.75,GTF,3,PDC,NOV,ReedHycalog,10-10-11-11-11,6.75,1.25,NOV Tolteq,366.6,calculated
DDR-156,BAK-1456,2025-02-27,14:00,10930,10041,8.5,19,16,99,8898,3760,11.7,605,1005,31,DRILL,Drilling ahead - steady,Three Forks,0,,"Drlg 3 Forks 10856-10930'. Hit softer streak ~10886, ROP jumped to 30fph briefly. Avg 19fph for stand.",18,20,7,14,4.5,56000,10.3,25,13.0,91.5,310,1.2,7,73,6.75,GTF,3,PDC,NOV,ReedHycalog,10-10-11-11-11,6.75,1.25,NOV Tolteq,361.0,calculated
DDR-157,BAK-1456,2025-02-27,18:00,11008,10042,8.5,39,18,81,9255,3872,11.7,593,949,31,DRILL,Drilling ahead - slight torque increase,Three Forks,0,,Cont drilling Three Forks. Depth 11008'. 39fph. Torque trending up slightly - 9k ft-lbs. Monitoring. WOB 18k.,18,20,7,14,4.5,56000,10.3,25,13.0,92.0,315,1.6,34,46,6.75,GTF,3,PDC,NOV,ReedHycalog,10-10-11-11-11,6.75,1.25,NOV Tolteq,325.4,calculated
DDR-158,DL-0773,2025-02-16,06:00,8947,8351,8.75,48,20,142,7861,3959,12.7,659,973,45,DRILL,Drilling ahead - good progress,Bone Spring Lower,0,,"Drlg ahead 8947' in BS Lower. Hard streak ~8920', backed off WOB to 17k. ROP dropped to 33fph for ~27ft then picked back up.",22,24,8,16,3.8,64000,10.2,28,15.0,85.6,199,4.1,15,65,6.75,MTF,4,PDC,Baker Hughes,Kymera XTreme,11-11-11-12-12,6.75,1.50,Halliburton iCruise,368.9,calculated
DDR-159,DL-0773,2025-02-16,10:00,8947,8351,8.75,0,0,0,0,0,12.6,0,961,24,TRIP,Tripping for survey/bit check,Bone Spring Lower,0,,Trip in - new bit. RIH to 8947'. 4hrs. Reamed last 2 stands to btm. On btm drilling.,22,24,8,16,3.8,64000,10.2,28,15.0,0,0,0,0,0,6.75,,4,PDC,Baker Hughes,Kymera XTreme,11-11-11-12-12,6.75,1.50,Halliburton iCruise,0.0,N/A
DDR-160,DL-0773,2025-02-16,14:00,8979,8381,8.75,16,18,130,10610,4470,12.7,647,971,57,DRILL,Drilling ahead - ROP improving,Bone Spring Lower,0,,Drilling 8909-8979 BS Lower. Steady params - 18k WOB 130rpm. Gas bgd 57 units. MW 12.7. No connection gas.,22,24,8,16,3.8,64000,10.2,28,15.0,85.1,208,3.9,19,61,6.75,GTF,4,PDC,Baker Hughes,Kymera XTreme,11-11-11-12-12,6.75,1.50,Halliburton iCruise,342.8,calculated
DDR-161,DL-0773,2025-02-16,18:00,9045,8443,8.75,33,21,130,12717,4354,12.8,679,979,48,DRILL,Drilling ahead,Bone Spring Lower,0,,Drlg BS Lower. Made 44ft this tour. Avg ROP 33fph. Bit looks good per MWD. SPP 4354.,22,24,8,16,3.8,64000,10.2,28,15.0,85.3,198,2.4,13,67,6.75,MTF,4,PDC,Baker Hughes,Kymera XTreme,11-11-11-12-12,6.75,1.50,Halliburton iCruise,287.6,calculated
DDR-162,DL-0773,2025-02-17,06:00,9085,8481,8.75,20,20,136,9516,4042,12.9,696,1013,47,DRILL,Drilling ahead - good progress,Bone Spring Lower,0,,Cont drlg in Bone Sprg Lwr @ 9085'. 20fph. Slight torque increase last 2 stands - up to 9k. Working pipe freely on connections.,22,24,8,16,3.8,64000,10.2,28,15.0,87.4,198,3.2,37,43,6.75,GTF,4,PDC,Baker Hughes,Kymera XTreme,11-11-11-12-12,6.75,1.50,Halliburton iCruise,337.5,calculated
DDR-163,DL-0773,2025-02-17,10:00,9141,8533,8.75,28,20,125,13099,4469,12.3,681,983,38,DRILL,Drilling ahead - good progress,Bone Spring Lower,0,,Drlg ahead 9099-9141' Bone Sprg Lwr. Good drlg. 28fph avg. MW 12.3ppg. Circ clean on connections. No fill on btm.,22,24,8,16,3.8,64000,10.2,28,15.0,85.6,196,3.9,10,70,6.75,GTF,4,PDC,Baker Hughes,Kymera XTreme,11-11-11-12-12,6.75,1.50,Halliburton iCruise,424.0,calculated
DDR-164,DL-0773,2025-02-17,14:00,9217,8605,8.75,38,21,131,9750,4185,12.9,638,1005,48,DRILL,Drilling ahead,Bone Spring Lower,0,,"Making hole in BS Lower. 9217' MD. ROP 38fph, WOB 21k, RPM 131. Tight hole noted ~9193' - reamed thru ok.",22,24,8,16,3.8,64000,10.2,28,15.0,85.7,199,2.9,30,50,6.75,MTF,4,PDC,Baker Hughes,Kymera XTreme,11-11-11-12-12,6.75,1.50,Halliburton iCruise,398.8,calculated
DDR-165,DL-0773,2025-02-17,18:00,9289,8673,8.75,36,19,123,8949,4097,12.8,638,999,47,DRILL,Drilling ahead - ROP improving,Bone Spring Lower,0,,Drlg Bone Sprg Lwr lateral. 36fph. Inc 85.4 az 205.0. DLS ok. Slide ratio 28/52. TF GTF.,22,24,8,16,3.8,64000,10.2,28,15.0,85.4,205,2.5,28,52,6.75,GTF,4,PDC,Baker Hughes,Kymera XTreme,11-11-11-12-12,6.75,1.50,Halliburton iCruise,313.0,calculated
DDR-166,DL-0773,2025-02-18,06:00,9359,8739,8.75,35,19,129,11456,4362,12.8,666,983,42,DRILL,Drilling ahead - slight torque increase,Bone Spring Lower,0,,Drilling 9271 to 9359ft BS Lower. Gas show 42 units @ 9347'. Trip gas only - no connection gas. Cont drlg.,22,24,8,16,3.8,64000,10.2,28,15.0,86.7,198,2.5,40,40,6.75,GTF,4,PDC,Baker Hughes,Kymera XTreme,11-11-11-12-12,6.75,1.50,Halliburton iCruise,366.6,calculated
DDR-167,DL-0773,2025-02-18,10:00,9439,8814,8.75,40,26,139,10099,4022,12.7,656,996,55,DRILL,Drilling ahead - steady,Bone Spring Lower,0,,Drlg ahead BSL @ 9439'. 40fph. Torque 10k steady. Good cuttings returns - grey shale w/ some calc stringers.,22,24,8,16,3.8,64000,10.2,28,15.0,85.2,203,3.0,1,79,6.75,MTF,4,PDC,Baker Hughes,Kymera XTreme,11-11-11-12-12,6.75,1.50,Halliburton iCruise,350.9,calculated
DDR-168,DL-0773,2025-02-18,14:00,9515,8885,8.75,38,21,129,12452,4420,12.5,663,1041,45,DRILL,Drilling ahead - slight torque increase,Bone Spring Lower,0,,Cont drlg 9420-9515 in BSL. 38fph. Pumps running 4420 psi. Flow rate good. No losses.,22,24,8,16,3.8,64000,10.2,28,15.0,85.6,200,3.1,29,51,6.75,GTF,4,PDC,Baker Hughes,Kymera XTreme,11-11-11-12-12,6.75,1.50,Halliburton iCruise,346.2,calculated
DDR-169,DL-0773,2025-02-18,18:00,9515,8885,8.75,0,0,0,0,0,12.8,0,1032,18,NPT,Flow check - gas cut mud,Bone Spring Lower,3,wellbore,"Flow check - gas cut mud. Shut in, monitored. MW 12.8ppg. No flow after 15min. Weighted up 0.3ppg.",22,24,8,16,3.8,64000,10.2,28,15.0,0,0,0,0,0,6.75,,4,PDC,Baker Hughes,Kymera XTreme,11-11-11-12-12,6.75,1.50,Halliburton iCruise,0.0,N/A
DDR-170,DL-0773,2025-02-19,06:00,9515,8885,8.75,0,0,0,0,0,12.7,0,948,27,CASE,Running casing,Bone Spring Lower,0,,Running 7-in csg. 29# L-80 VAM TOP. Landed @ 9515'. Circ & reciprocate. Cement crew standing by.,22,24,8,16,3.8,64000,10.2,28,15.0,0,0,0,0,0,6.75,,4,PDC,Baker Hughes,Kymera XTreme,11-11-11-12-12,6.75,1.50,Halliburton iCruise,0.0,N/A
DDR-171,DL-0773,2025-02-19,10:00,9581,8948,8.75,33,17,134,8668,4052,13.0,650,1062,42,DRILL,Drilling ahead,Bone Spring Lower,0,,Drlg Bone Sprg Lwr. 9581' MD 8948' TVD. 33fph. WOB 17k. Bit hrs 71. Running good.,22,24,8,16,3.8,64000,10.2,28,15.0,86.7,207,3.0,38,42,6.75,GTF,4,PDC,Baker Hughes,Kymera XTreme,11-11-11-12-12,6.75,1.50,Halliburton iCruise,387.7,calculated
DDR-172,DL-0773,2025-02-19,14:00,9617,8981,8.75,18,24,125,9823,3977,12.5,657,1000,53,DRILL,Drilling ahead - slight torque increase,Bone Spring Lower,0,,Drilling ahead in BSL. Made 62' this rpt. 18fph avg. MW 12.5 ppg. Torque 9k ft-lbs. SPP 3977.,22,24,8,16,3.8,64000,10.2,28,15.0,85.3,196,3.2,11,69,6.75,GTF,4,PDC,Baker Hughes,Kymera XTreme,11-11-11-12-12,6.75,1.50,Halliburton iCruise,308.7,calculated
DDR-173,DL-0773,2025-02-19,18:00,9617,8981,8.75,0,0,0,0,0,12.5,0,927,24,CASE,Running casing,Bone Spring Lower,0,,RIH csg - 7-in 26# P-110. Running BTC connections. 148 jts to 9617'. Centralizers per program.,22,24,8,16,3.8,64000,10.2,28,15.0,0,0,0,0,0,6.75,,4,PDC,Baker Hughes,Kymera XTreme,11-11-11-12-12,6.75,1.50,Halliburton iCruise,0.0,N/A
DDR-174,DL-0773,2025-02-24,06:00,12427,11431,8.75,20,22,113,11628,4355,12.9,707,949,63,DRILL,Drilling ahead - good progress,Wolfcamp,0,,Drlg WC 12427'. ROP 20fph. Cuttings look good - WC characteristic. Gas bgd 63u. No issues to report.,22,24,8,16,3.8,64000,10.2,28,15.0,85.8,197,3.2,11,69,6.75,GTF,4,PDC,Baker Hughes,Kymera XTreme,11-11-11-12-12,6.75,1.50,Halliburton iCruise,381.7,calculated
DDR-175,DL-0773,2025-02-24,10:00,12427,11431,8.75,0,0,0,0,0,13.2,0,890,25,NPT,Waiting on cement crew,Wolfcamp,1,logistics,Cement crew late - 1.0hrs. Weather related road issues. Standing by w/ csg on deck ready to go.,22,24,8,16,3.8,64000,10.2,28,15.0,0,0,0,0,0,6.75,,4,PDC,Baker Hughes,Kymera XTreme,11-11-11-12-12,6.75,1.50,Halliburton iCruise,0.0,N/A
DDR-176,DL-0773,2025-02-24,14:00,12427,11431,8.75,0,0,0,0,0,13.2,0,963,29,TRIP,Tripping for survey/bit check,Wolfcamp,0,,RIH w/ new bit to 12427'. Made up BHA on floor. 5hrs trip in. Tagged btm - no fill. Circ btms up.,22,24,8,16,3.8,64000,10.2,28,15.0,0,0,0,0,0,6.75,,4,PDC,Baker Hughes,Kymera XTreme,11-11-11-12-12,6.75,1.50,Halliburton iCruise,0.0,N/A
DDR-177,DL-0773,2025-02-24,18:00,12427,11431,8.75,0,0,0,0,0,13.0,0,935,23,CIRC,Circulating - conditioning mud,Wolfcamp,0,,Circ btms up prior to survey. Returns clean. Conditioned mud - PV 22 YP 24. MW 13.0ppg.,22,24,8,16,3.8,64000,10.2,28,15.0,0,0,0,0,0,6.75,,4,PDC,Baker Hughes,Kymera XTreme,11-11-11-12-12,6.75,1.50,Halliburton iCruise,0.0,N/A
DDR-178,DL-0773,2025-02-25,06:00,12507,11471,8.75,40,22,140,11418,4718,12.8,670,978,60,DRILL,Drilling ahead,Wolfcamp,0,,Cont drlg WC. 12411-12507'. Rotary drlg 40fph. WOB 22k RPM 140. Hole in gauge per caliper.,22,24,8,16,3.8,64000,10.2,28,15.0,86.0,198,3.2,9,71,6.75,GTF,4,PDC,Baker Hughes,Kymera XTreme,11-11-11-12-12,6.75,1.50,Halliburton iCruise,331.5,calculated
DDR-179,DL-0773,2025-02-25,10:00,12507,11471,8.75,0,0,0,0,0,13.3,0,1003,31,NPT,Waiting on weather - high winds,Wolfcamp,2,weather,Shut down for weather. Lightning detected 5mi. 2.0hrs NPT. Resumed when all clear.,22,24,8,16,3.8,64000,10.2,28,15.0,0,0,0,0,0,6.75,,4,PDC,Baker Hughes,Kymera XTreme,11-11-11-12-12,6.75,1.50,Halliburton iCruise,0.0,N/A
DDR-180,DL-0773,2025-02-25,14:00,12573,11504,8.75,33,26,113,9780,4325,13.0,693,1043,55,DRILL,Drilling ahead - good progress,Wolfcamp,0,,Drlg ahead Wolf. Depth 12573'. Avg 33fph. Slight drag on connections ~15k over string wt. Working thru.,22,24,8,16,3.8,64000,10.2,28,15.0,86.3,199,3.0,14,66,6.75,GTF,4,PDC,Baker Hughes,Kymera XTreme,11-11-11-12-12,6.75,1.50,Halliburton iCruise,325.8,calculated
DDR-181,DL-0773,2025-02-25,18:00,12573,11504,8.75,0,0,0,0,0,12.8,0,974,35,NPT,Waiting on weather - high winds,Wolfcamp,4,weather,WOW - lightning w/in 5mi. Shut down 4.0hrs. All hands off floor. Resumed ops when clear.,22,24,8,16,3.8,64000,10.2,28,15.0,0,0,0,0,0,6.75,,4,PDC,Baker Hughes,Kymera XTreme,11-11-11-12-12,6.75,1.50,Halliburton iCruise,0.0,N/A
DDR-182,DL-0773,2025-02-26,06:00,12637,11536,8.75,32,20,124,9167,4337,12.9,656,959,54,DRILL,Drilling ahead - slight torque increase,Wolfcamp,0,,Making hole Wolf @ 12637ft. 32fph. MW 12.9ppg. PV/YP 22/24. Solids 15.0%. Mud in spec.,22,24,8,16,3.8,64000,10.2,28,15.0,85.1,199,2.8,21,59,6.75,GTF,4,PDC,Baker Hughes,Kymera XTreme,11-11-11-12-12,6.75,1.50,Halliburton iCruise,318.1,calculated
DDR-183,DL-0773,2025-02-26,10:00,12689,11562,8.75,26,23,129,11050,4416,13.1,683,994,51,DRILL,Drilling ahead,Wolfcamp,0,,"Drlg ahead 12635-12689 in Wolfcamp. Avg 26fph, WOB 23k, 129rpm. Torque running 11k ft-lbs. MW 13.1 ppg. No issues.",22,24,8,16,3.8,64000,10.2,28,15.0,85.3,204,2.6,7,73,6.75,GTF,4,PDC,Baker Hughes,Kymera XTreme,11-11-11-12-12,6.75,1.50,Halliburton iCruise,368.0,calculated
DDR-184,DL-0773,2025-02-26,14:00,12781,11608,8.75,46,23,140,11369,4343,13.1,647,937,42,DRILL,Drilling ahead - good progress,Wolfcamp,0,,"Drlg 12716-12781' Wolfcamp. ROP 46 fph avg. Bit running smooth. SPP 4343, torque steady ~11k.",22,24,8,16,3.8,64000,10.2,28,15.0,86.4,198,3.1,3,77,6.75,GTF,4,PDC,Baker Hughes,Kymera XTreme,11-11-11-12-12,6.75,1.50,Halliburton iCruise,320.9,calculated
DDR-185,DL-0773,2025-02-26,18:00,12829,11632,8.75,24,19,130,10774,4637,13.3,681,959,53,DRILL,Drilling ahead - good progress,Wolfcamp,0,,Drilling ahead thru Wolf @ 12829'. Making 24fph w/ 19k WOB. Gas 53 units bgd. Inc 85.3 az 201.0.,22,24,8,16,3.8,64000,10.2,28,15.0,85.3,201,2.9,30,50,6.75,GTF,4,PDC,Baker Hughes,Kymera XTreme,11-11-11-12-12,6.75,1.50,Halliburton iCruise,396.0,calculated
DDR-186,DL-0773,2025-02-27,06:00,12901,11668,8.75,36,21,138,12907,4326,13.2,702,1007,46,DRILL,Drilling ahead - ROP improving,Wolfcamp,0,,"Cont drlg Wolf. 36fph, 21k WOB, 4326 SPP. Hole cleaning good - returns clean. MW 13.2ppg.",22,24,8,16,3.8,64000,10.2,28,15.0,86.7,198,3.7,21,59,6.75,GTF,4,PDC,Baker Hughes,Kymera XTreme,11-11-11-12-12,6.75,1.50,Halliburton iCruise,379.3,calculated
DDR-187,DL-0773,2025-02-27,10:00,12957,11696,8.75,28,25,117,10124,4524,13.2,694,968,40,DRILL,Drilling ahead,Wolfcamp,0,,"Drlg 12886 to 12957 in Wolfcamp. Good hole. 28fph rotating. Torque 10k, no drag noted.",22,24,8,16,3.8,64000,10.2,28,15.0,87.0,202,3.2,15,65,6.75,GTF,4,PDC,Baker Hughes,Kymera XTreme,11-11-11-12-12,6.75,1.50,Halliburton iCruise,383.9,calculated
DDR-188,DL-0773,2025-02-27,14:00,12957,11696,8.75,0,0,0,0,0,13.0,0,992,26,CASE,Running casing,Wolfcamp,0,,Csg run - 7 29# N-80 LTC to 12957' in Wolfcamp. Float equip good. Ready to cement.,22,24,8,16,3.8,64000,10.2,28,15.0,0,0,0,0,0,6.75,,4,PDC,Baker Hughes,Kymera XTreme,11-11-11-12-12,6.75,1.50,Halliburton iCruise,0.0,N/A
DDR-189,DL-0773,2025-02-27,18:00,13021,11728,8.75,32,23,136,7210,4554,13.0,668,956,49,DRILL,Drilling ahead - good progress,Wolfcamp,0,,Drlg ahead in Wolf @ 13021ft. ROP 32fph. Slide 22ft rotate 58ft this stand. TF GTF.,22,24,8,16,3.8,64000,10.2,28,15.0,85.6,201,3.4,22,58,6.75,GTF,4,PDC,Baker Hughes,Kymera XTreme,11-11-11-12-12,6.75,1.50,Halliburton iCruise,327.9,calculated
DDR-190,DL-0773,2025-02-28,06:00,13065,11750,8.75,22,24,123,13256,4352,13.1,670,941,60,DRILL,Drilling ahead,Wolfcamp,0,,"Making hole 12982-13065. Wolf fm. 22fph, WOB 24k, RPM 123. PV 22 YP 24. Good progress.",22,24,8,16,3.8,64000,10.2,28,15.0,86.1,198,3.4,14,66,6.75,MTF,4,PDC,Baker Hughes,Kymera XTreme,11-11-11-12-12,6.75,1.50,Halliburton iCruise,393.9,calculated
DDR-191,DL-0773,2025-02-28,10:00,13065,11750,8.75,0,0,0,0,0,12.8,0,996,32,NPT,Lost circulation - pumping LCM,Wolfcamp,6,wellbore,Lost returns @ 13065' in Wolf. Pumped 63bbl LCM pill - med/coarse mica + nut plug. Regained returns. 6.0hrs.,22,24,8,16,3.8,64000,10.2,28,15.0,0,0,0,0,0,6.75,,4,PDC,Baker Hughes,Kymera XTreme,11-11-11-12-12,6.75,1.50,Halliburton iCruise,0.0,N/A
DDR-192,DL-0773,2025-02-28,14:00,13119,11777,8.75,27,25,143,8475,4666,13.2,638,998,57,DRILL,Drilling ahead - ROP improving,Wolfcamp,0,,"Drlg Wolfcamp 13060-13119'. Hit softer streak ~13077, ROP jumped to 42fph briefly. Avg 27fph for stand.",22,24,8,16,3.8,64000,10.2,28,15.0,86.2,197,2.9,25,55,6.75,GTF,4,PDC,Baker Hughes,Kymera XTreme,11-11-11-12-12,6.75,1.50,Halliburton iCruise,390.9,calculated
